Genotype,Spore_level,Plate,Animal,Sex,Technical_Replicate,Flourometry_Reading,Length_mm,Size_mm2,Final_length_mm,Final_Size_mm2,Total_Growth,Spores_ul,Total_Fecundity,Control_Number,Control_Technical_Replicate,Control_Flour_Reading,USE_Control_Flour_Reading,Plate_Control
A45,0,A45_0,1,F,1,44350,1.152,1.3271,1.6512,2.72646144,1.3994,0,3,,,,,
A45,0,A45_0,1,F,2,42080,1.152,1.3271,1.6512,2.72646144,1.3994,0,3,,,,,
A45,0,A45_0,2,F,1,40671,1.229,1.5099,,,,0,0,,,,,
A45,0,A45_0,2,F,2,37510,1.229,1.5099,,,,0,0,,,,,
A45,0,A45_0,3,F,1,43766,1.19,1.4171,,,,0,0,,,,,
A45,0,A45_0,3,F,2,39154,1.19,1.4171,,,,0,0,,,,,
A45,0,A45_0,4,F,1,45007,1.094,1.1977,1.632,2.663424,1.4657,0,2,,,,,
A45,0,A45_0,4,F,2,44379,1.094,1.1977,1.632,2.663424,1.4657,0,2,,,,,
A45,0,A45_0,5,F,1,41194,1.286,1.6548,1.5744,2.47873536,0.8239,0,0,,,,,
A45,0,A45_0,5,F,2,37780,1.286,1.6548,1.5744,2.47873536,0.8239,0,0,,,,,
A45,0,A45_0,6,F,1,53879,,,,,0,0,0,,,,,
A45,0,A45_0,6,F,2,47104,,,,,0,0,0,,,,,
A45,0,A45_0,7,F,1,40646,1.21,1.4631,1.6128,2.60112384,1.138,0,1,,,,,
A45,0,A45_0,7,F,2,42366,1.21,1.4631,1.6128,2.60112384,1.138,0,1,,,,,
A45,0,A45_0,8,F,1,45691,1.152,1.3271,1.6128,2.60112384,1.274,0,3,,,,,
A45,0,A45_0,8,F,2,43073,1.152,1.3271,1.6128,2.60112384,1.274,0,3,,,,,
A45,0,A45_0,9,F,1,44241,1.133,1.2832,1.5552,2.41864704,1.1354,0,4,,,,,
A45,0,A45_0,9,F,2,48333,1.133,1.2832,1.5552,2.41864704,1.1354,0,4,,,,,
A45,0,A45_0,10,F,1,43947,1.152,1.3271,,,,0,3,,,,,
A45,0,A45_0,10,F,2,40339,1.152,1.3271,,,,0,3,,,,,
A45,0,A45_0,11,F,1,43480,1.133,1.2832,1.5744,2.47873536,1.1955,0,4,,,,,
A45,0,A45_0,11,F,2,43250,1.133,1.2832,1.5744,2.47873536,1.1955,0,4,,,,,
A45,0,A45_0,12,F,1,44665,1.018,1.0355,1.6128,2.60112384,1.5656,0,2,,,,,
A45,0,A45_0,12,F,2,46386,1.018,1.0355,1.6128,2.60112384,1.5656,0,2,,,,,
A45,0,A45_0,14,F,1,46692,1.152,1.3271,1.6512,2.72646144,1.3994,0,2,,,,,
A45,0,A45_0,14,F,2,43730,1.152,1.3271,1.6512,2.72646144,1.3994,0,2,,,,,
A45,0,A45_0,15,F,1,46319,1.21,1.4631,1.6896,2.85474816,1.3916,0,1,,,,,
A45,0,A45_0,15,F,2,46582,1.21,1.4631,1.6896,2.85474816,1.3916,0,1,,,,,
A45,0,A45_0,16,F,1,42386,1.21,1.4631,1.6128,2.60112384,1.138,0,2,,,,,
A45,0,A45_0,16,F,2,44500,1.21,1.4631,1.6128,2.60112384,1.138,0,2,,,,,
A45,0,A45_0,17,F,1,51013,1.171,1.3717,1.5936,2.53956096,1.1679,0,2,,,,,
A45,0,A45_0,17,F,2,51162,1.171,1.3717,1.5936,2.53956096,1.1679,0,2,,,,,
A45,0,A45_0,18,F,1,43429,1.21,1.4631,1.632,2.663424,1.2003,0,1,,,,,
A45,0,A45_0,18,F,2,46737,1.21,1.4631,1.632,2.663424,1.2003,0,1,,,,,
A45,0,A45_0,19,F,1,43528,1.19,1.4171,1.5936,2.53956096,1.1225,0,5,,,,,
A45,0,A45_0,19,F,2,43737,1.19,1.4171,1.5936,2.53956096,1.1225,0,5,,,,,
A45,0,A45_0,20,F,1,46461,1.152,1.3271,1.7088,2.91999744,1.5929,0,0,,,,,
A45,0,A45_0,20,F,2,43966,1.152,1.3271,1.7088,2.91999744,1.5929,0,0,,,,,
A45,0,A45_0,21,F,1,39745,1.344,1.8063,1.7088,2.91999744,1.1137,0,1,,,,,
A45,0,A45_0,21,F,2,42628,1.344,1.8063,1.7088,2.91999744,1.1137,0,1,,,,,
A45,0,A45_0,22,F,1,42429,1.248,1.5575,1.6128,2.60112384,1.0436,0,1,,,,,
A45,0,A45_0,22,F,2,42526,1.248,1.5575,1.6128,2.60112384,1.0436,0,1,,,,,
A45,0,A45_0,23,F,1,47839,1.248,1.5575,1.6128,2.60112384,1.0436,0,2,,,,,
A45,0,A45_0,23,F,2,44489,1.248,1.5575,1.6128,2.60112384,1.0436,0,2,,,,,
A45,0,A45_0,24,F,1,44824,1.248,1.5575,1.632,2.663424,1.1059,0,5,,,,,
A45,0,A45_0,24,F,2,45293,1.248,1.5575,1.632,2.663424,1.1059,0,5,,,,,
A45,0,A45_0,25,F,1,39781,1.19,1.4171,1.6512,2.72646144,1.3094,0,2,,,,,
A45,0,A45_0,25,F,2,36844,1.19,1.4171,1.6512,2.72646144,1.3094,0,2,,,,,
A45,0,A45_0,26,F,1,46914,1.152,1.3271,1.5168,2.30068224,0.9736,0,0,,,,,
A45,0,A45_0,26,F,2,47930,1.152,1.3271,1.5168,2.30068224,0.9736,0,0,,,,,
A45,0,A45_0,27,F,1,40132,1.306,1.7046,,,,0,3,,,,,
A45,0,A45_0,27,F,2,41367,1.306,1.7046,,,,0,3,,,,,
A45,0,A45_0,28,F,1,38142,1.248,1.5575,1.7664,3.12016896,1.5627,0,1,,,,,
A45,0,A45_0,28,F,2,45025,1.248,1.5575,1.7664,3.12016896,1.5627,0,1,,,,,
A45,0,A45_0,29,F,1,45609,1.19,1.4171,1.632,2.663424,1.2464,0,4,,,,,
A45,0,A45_0,29,F,2,44504,1.19,1.4171,1.632,2.663424,1.2464,0,4,,,,,
A45,0,A45_0,30,F,1,46284,1.248,1.5575,1.5936,2.53956096,0.9821,0,3,,,,,
A45,0,A45_0,30,F,2,46612,1.248,1.5575,1.5936,2.53956096,0.9821,0,3,,,,,
Midland 252,0,M252_0,1,F,1,43324,1.248,1.5575,1.44,2.0736,0.5161,0,9,,,,,
Midland 252,0,M252_0,1,F,2,44357,1.248,1.5575,1.44,2.0736,0.5161,0,9,,,,,
Midland 252,0,M252_0,2,F,1,42854,1.094,1.1977,1.4592,2.12926464,0.9316,0,3,,,,,
Midland 252,0,M252_0,2,F,2,40336,1.094,1.1977,1.4592,2.12926464,0.9316,0,3,,,,,
Midland 252,0,M252_0,3,F,1,46146,1.19,1.4171,1.4784,2.18566656,0.7686,0,9,,,,,
Midland 252,0,M252_0,3,F,2,48297,1.19,1.4171,1.4784,2.18566656,0.7686,0,9,,,,,
Midland 252,0,M252_0,4,F,1,46290,1.152,1.3271,1.536,2.359296,1.0322,0,5,,,,,
Midland 252,0,M252_0,4,F,2,42336,1.152,1.3271,1.536,2.359296,1.0322,0,5,,,,,
Midland 252,0,M252_0,5,F,1,42403,1.21,1.4631,1.5936,2.53956096,1.0764,0,3,,,,,
Midland 252,0,M252_0,5,F,2,43328,1.21,1.4631,1.5936,2.53956096,1.0764,0,3,,,,,
Midland 252,0,M252_0,6,F,1,41855,1.133,1.2832,1.44,2.0736,0.7904,0,7,,,,,
Midland 252,0,M252_0,6,F,2,41488,1.133,1.2832,1.44,2.0736,0.7904,0,7,,,,,
Midland 252,0,M252_0,7,F,1,53419,0.864,0.7465,1.344,1.806336,1.0598,0,2,,,,,
Midland 252,0,M252_0,7,F,2,52271,0.864,0.7465,1.344,1.806336,1.0598,0,2,,,,,
Midland 252,0,M252_0,8,F,1,42748,1.21,1.4631,1.5552,2.41864704,0.9555,0,5,,,,,
Midland 252,0,M252_0,8,F,2,44399,1.21,1.4631,1.5552,2.41864704,0.9555,0,5,,,,,
Midland 252,0,M252_0,9,F,1,34857,1.152,1.3271,1.5744,2.47873536,1.1516,0,4,,,,,
Midland 252,0,M252_0,9,F,2,35382,1.152,1.3271,1.5744,2.47873536,1.1516,0,4,,,,,
Midland 252,0,M252_0,10,F,1,43193,1.248,1.5575,1.4592,2.12926464,0.5718,0,3,,,,,
Midland 252,0,M252_0,10,F,2,46990,1.248,1.5575,1.4592,2.12926464,0.5718,0,3,,,,,
Midland 252,0,M252_0,11,F,1,43308,,,,,0,0,0,,,,,
Midland 252,0,M252_0,11,F,2,44144,,,,,0,0,0,,,,,
Midland 252,0,M252_0,12,F,1,47902,1.267,1.6058,1.536,2.359296,0.7535,0,11,,,,,
Midland 252,0,M252_0,12,F,2,48773,1.267,1.6058,1.536,2.359296,0.7535,0,11,,,,,
Midland 252,0,M252_0,13,F,1,45494,1.152,1.3271,,,,0,2,,,,,
Midland 252,0,M252_0,13,F,2,45061,1.152,1.3271,,,,0,2,,,,,
Midland 252,0,M252_0,14,F,1,36576,1.229,1.5099,,,,0,4,,,,,
Midland 252,0,M252_0,14,F,2,36609,1.229,1.5099,,,,0,4,,,,,
Midland 252,0,M252_0,15,F,1,53791,1.094,1.1977,1.4016,1.96448256,0.7668,0,5,,,,,
Midland 252,0,M252_0,15,F,2,51123,1.094,1.1977,1.4016,1.96448256,0.7668,0,5,,,,,
Midland 252,0,M252_0,16,F,1,34319,1.402,1.9645,1.6512,2.72646144,0.762,0,12,,,,,
Midland 252,0,M252_0,16,F,2,36366,1.402,1.9645,1.6512,2.72646144,0.762,0,12,,,,,
Midland 252,0,M252_0,17,F,1,44204,1.248,1.5575,1.536,2.359296,0.8018,0,10,,,,,
Midland 252,0,M252_0,17,F,2,40870,1.248,1.5575,1.536,2.359296,0.8018,0,10,,,,,
Midland 252,0,M252_0,18,F,1,41161,1.133,1.2832,1.5936,2.53956096,1.2563,0,11,,,,,
Midland 252,0,M252_0,18,F,2,50512,1.133,1.2832,1.5936,2.53956096,1.2563,0,11,,,,,
Midland 252,0,M252_0,19,F,1,46119,1.152,1.3271,1.536,2.359296,1.0322,0,10,,,,,
Midland 252,0,M252_0,19,F,2,44386,1.152,1.3271,1.536,2.359296,1.0322,0,10,,,,,
Midland 252,0,M252_0,20,F,1,47736,1.075,1.1561,,,,0,2,,,,,
Midland 252,0,M252_0,20,F,2,47270,1.075,1.1561,,,,0,2,,,,,
Midland 252,0,M252_0,21,F,1,44389,1.248,1.5575,1.4976,2.24280576,0.6853,0,6,,,,,
Midland 252,0,M252_0,21,F,2,43817,1.248,1.5575,1.4976,2.24280576,0.6853,0,6,,,,,
Midland 252,0,M252_0,22,F,1,51134,1.344,1.8063,,,,0,3,,,,,
Midland 252,0,M252_0,22,F,2,51543,1.344,1.8063,,,,0,3,,,,,
Midland 252,0,M252_0,23,F,1,50984,1.21,1.4631,,,,0,5,,,,,
Midland 252,0,M252_0,23,F,2,42805,1.21,1.4631,,,,0,5,,,,,
Midland 252,0,M252_0,24,F,1,45317,1.114,1.2401,1.3056,1.70459136,0.4645,0,5,,,,,
Midland 252,0,M252_0,24,F,2,46247,1.114,1.2401,1.3056,1.70459136,0.4645,0,5,,,,,
Midland 252,0,M252_0,25,F,1,36867,1.19,1.4171,1.4976,2.24280576,0.8258,0,8,,,,,
Midland 252,0,M252_0,25,F,2,40680,1.19,1.4171,1.4976,2.24280576,0.8258,0,8,,,,,
Midland 252,0,M252_0,26,F,1,43254,1.21,1.4631,1.5552,2.41864704,0.9555,0,7,,,,,
Midland 252,0,M252_0,26,F,2,42975,1.21,1.4631,1.5552,2.41864704,0.9555,0,7,,,,,
Midland 252,0,M252_0,27,F,1,45261,1.286,1.6548,1.536,2.359296,0.7045,0,9,,,,,
Midland 252,0,M252_0,27,F,2,43503,1.286,1.6548,1.536,2.359296,0.7045,0,9,,,,,
Midland 252,0,M252_0,28,F,1,50447,,,,,0,0,0,,,,,
Midland 252,0,M252_0,28,F,2,48905,,,,,0,0,0,,,,,
Midland 252,0,M252_0,29,F,1,44812,1.325,1.7551,1.536,2.359296,0.6042,0,6,,,,,
Midland 252,0,M252_0,29,F,2,46995,1.325,1.7551,1.536,2.359296,0.6042,0,6,,,,,
Midland 252,0,M252_0,30,F,1,32675,1.613,2.6011,,,,0,4,,,,,
Midland 252,0,M252_0,30,F,2,32622,1.613,2.6011,,,,0,4,,,,,
Midland 281,0,M281_0,1,F,1,38947,1.133,1.2832,1.4976,2.24280576,0.9596,0,7,,,,,
Midland 281,0,M281_0,1,F,2,41327,1.133,1.2832,1.4976,2.24280576,0.9596,0,7,,,,,
Midland 281,0,M281_0,2,F,1,38833,1.229,1.5099,1.5744,2.47873536,0.9688,0,0,,,,,
Midland 281,0,M281_0,2,F,2,34843,1.229,1.5099,1.5744,2.47873536,0.9688,0,0,,,,,
Midland 281,0,M281_0,3,F,1,35175,1.325,1.7551,1.632,2.663424,0.9083,0,2,,,,,
Midland 281,0,M281_0,3,F,2,33636,1.325,1.7551,1.632,2.663424,0.9083,0,2,,,,,
Midland 281,0,M281_0,4,F,1,39613,1.171,1.3717,,,,0,4,,,,,
Midland 281,0,M281_0,4,F,2,37206,1.171,1.3717,,,,0,4,,,,,
Midland 281,0,M281_0,5,F,1,41946,1.114,1.2401,1.5744,2.47873536,1.2386,0,0,,,,,
Midland 281,0,M281_0,5,F,2,40546,1.114,1.2401,1.5744,2.47873536,1.2386,0,0,,,,,
Midland 281,0,M281_0,6,F,1,43188,1.267,1.6058,1.5552,2.41864704,0.8129,0,0,,,,,
Midland 281,0,M281_0,6,F,2,39167,1.267,1.6058,1.5552,2.41864704,0.8129,0,0,,,,,
Midland 281,0,M281_0,7,F,1,45123,1.056,1.1151,1.536,2.359296,1.2442,0,0,,,,,
Midland 281,0,M281_0,7,F,2,37156,1.056,1.1151,1.536,2.359296,1.2442,0,0,,,,,
Midland 281,0,M281_0,8,F,1,34289,1.229,1.5099,,,,0,0,,,,,
Midland 281,0,M281_0,8,F,2,34288,1.229,1.5099,,,,0,0,,,,,
Midland 281,0,M281_0,9,F,1,36021,1.306,1.7046,,,,0,0,,,,,
Midland 281,0,M281_0,9,F,2,36674,1.306,1.7046,,,,0,0,,,,,
Midland 281,0,M281_0,10,F,1,30787,1.306,1.7046,1.5936,2.53956096,0.835,0,2,,,,,
Midland 281,0,M281_0,10,F,2,31624,1.306,1.7046,1.5936,2.53956096,0.835,0,2,,,,,
Midland 281,0,M281_0,11,F,1,34363,1.325,1.7551,1.5552,2.41864704,0.6636,0,2,,,,,
Midland 281,0,M281_0,11,F,2,34087,1.325,1.7551,1.5552,2.41864704,0.6636,0,2,,,,,
Midland 281,0,M281_0,12,F,1,34138,1.21,1.4631,1.6128,2.60112384,1.138,0,0,,,,,
Midland 281,0,M281_0,12,F,2,32681,1.21,1.4631,1.6128,2.60112384,1.138,0,0,,,,,
Midland 281,0,M281_0,13,F,1,37491,1.21,1.4631,1.4208,2.01867264,0.5555,0,4,,,,,
Midland 281,0,M281_0,13,F,2,37224,1.21,1.4631,1.4208,2.01867264,0.5555,0,4,,,,,
Midland 281,0,M281_0,14,F,1,26345,1.248,1.5575,1.5168,2.30068224,0.7432,0,3,,,,,
Midland 281,0,M281_0,14,F,2,26963,1.248,1.5575,1.5168,2.30068224,0.7432,0,3,,,,,
Midland 281,0,M281_0,15,F,1,31114,1.21,1.4631,1.4208,2.01867264,0.5555,0,0,,,,,
Midland 281,0,M281_0,15,F,2,30060,1.21,1.4631,1.4208,2.01867264,0.5555,0,0,,,,,
Midland 281,0,M281_0,16,F,1,38537,1.075,1.1561,1.536,2.359296,1.2032,0,2,,,,,
Midland 281,0,M281_0,16,F,2,38822,1.075,1.1561,1.536,2.359296,1.2032,0,2,,,,,
Midland 281,0,M281_0,17,F,1,37342,1.19,1.4171,1.5744,2.47873536,1.0617,0,4,,,,,
Midland 281,0,M281_0,17,F,2,37002,1.19,1.4171,1.5744,2.47873536,1.0617,0,4,,,,,
Midland 281,0,M281_0,18,F,1,36793,1.344,1.8063,1.6128,2.60112384,0.7948,0,5,,,,,
Midland 281,0,M281_0,18,F,2,33304,1.344,1.8063,1.6128,2.60112384,0.7948,0,5,,,,,
Midland 281,0,M281_0,19,F,1,40698,1.19,1.4171,1.632,2.663424,1.2464,0,1,,,,,
Midland 281,0,M281_0,19,F,2,44101,1.19,1.4171,1.632,2.663424,1.2464,0,1,,,,,
Midland 281,0,M281_0,20,F,1,35952,1.267,1.6058,1.536,2.359296,0.7535,0,2,,,,,
Midland 281,0,M281_0,20,F,2,42974,1.267,1.6058,1.536,2.359296,0.7535,0,2,,,,,
Midland 281,0,M281_0,21,F,1,38680,1.248,1.5575,,,,0,2,,,,,
Midland 281,0,M281_0,21,F,2,38422,1.248,1.5575,,,,0,2,,,,,
Midland 281,0,M281_0,22,F,1,39572,1.21,1.4631,1.4976,2.24280576,0.7797,0,0,,,,,
Midland 281,0,M281_0,22,F,2,38648,1.21,1.4631,1.4976,2.24280576,0.7797,0,0,,,,,
Midland 281,0,M281_0,23,F,1,40670,1.229,1.5099,1.5936,2.53956096,1.0296,0,2,,,,,
Midland 281,0,M281_0,23,F,2,40978,1.229,1.5099,1.5936,2.53956096,1.0296,0,2,,,,,
Midland 281,0,M281_0,24,F,1,40161,1.325,1.7551,1.5936,2.53956096,0.7845,0,3,,,,,
Midland 281,0,M281_0,24,F,2,38448,1.325,1.7551,1.5936,2.53956096,0.7845,0,3,,,,,
Midland 281,0,M281_0,25,F,1,33362,1.229,1.5099,1.5744,2.47873536,0.9688,0,2,,,,,
Midland 281,0,M281_0,25,F,2,33800,1.229,1.5099,1.5744,2.47873536,0.9688,0,2,,,,,
Midland 281,0,M281_0,26,F,1,41478,1.325,1.7551,1.5552,2.41864704,0.6636,0,3,,,,,
Midland 281,0,M281_0,26,F,2,43675,1.325,1.7551,1.5552,2.41864704,0.6636,0,3,,,,,
Midland 281,0,M281_0,27,F,1,35318,1.344,1.8063,1.6704,2.79023616,0.9839,0,2,,,,,
Midland 281,0,M281_0,27,F,2,36506,1.344,1.8063,1.6704,2.79023616,0.9839,0,2,,,,,
Midland 281,0,M281_0,28,F,1,45206,0.922,0.8493,1.4016,1.96448256,1.1151,0,1,,,,,
Midland 281,0,M281_0,28,F,2,46921,0.922,0.8493,1.4016,1.96448256,1.1151,0,1,,,,,
Midland 281,0,M281_0,29,F,1,32929,1.344,1.8063,1.6128,2.60112384,0.7948,0,3,,,,,
Midland 281,0,M281_0,29,F,2,31920,1.344,1.8063,1.6128,2.60112384,0.7948,0,3,,,,,
Midland 281,0,M281_0,30,F,1,33055,1.344,1.8063,1.5936,2.53956096,0.7332,0,7,,,,,
Midland 281,0,M281_0,30,F,2,33665,1.344,1.8063,1.5936,2.53956096,0.7332,0,7,,,,,
Standard,0,STD_0,1,F,1,43523,1.248,1.5575,,,,0,,C1,1,50048,50048,STD_0
Standard,0,STD_0,1,F,2,48301,1.248,1.5575,,,,0,,C1,2,50063,50063,STD_0
Standard,0,STD_0,2,F,1,47008,0.922,0.8493,1.056,1.115136,0.2658,0,0,C1,3,38858,38858,STD_0
Standard,0,STD_0,2,F,2,46553,0.922,0.8493,1.056,1.115136,0.2658,0,0,C2,1,37583,,STD_0
Standard,0,STD_0,3,F,1,47450,1.306,1.7046,,,,0,0,C2,2,36085,,STD_0
Standard,0,STD_0,3,F,2,50218,1.306,1.7046,,,,0,0,C2,3,44378,44378,STD_0
Standard,0,STD_0,4,F,1,46119,1.306,1.7046,,,,0,3,C3,1,35381,,STD_150
Standard,0,STD_0,4,F,2,46851,1.306,1.7046,,,,0,3,C3,2,39150,39150,STD_150
Standard,0,STD_0,5,F,1,41011,1.325,1.7551,1.632,2.663424,0.9083,0,4,C3,3,46946,46946,STD_150
Standard,0,STD_0,5,F,2,43081,1.325,1.7551,1.632,2.663424,0.9083,0,4,C4,1,45884,45884,STD_150
Standard,0,STD_0,6,F,1,42429,1.344,1.8063,1.632,2.663424,0.8571,0,6,C4,2,42817,42817,STD_150
Standard,0,STD_0,6,F,2,34923,1.344,1.8063,1.632,2.663424,0.8571,0,6,C4,3,41056,41056,STD_150
Standard,0,STD_0,7,F,1,52396,1.286,1.6548,1.5744,2.47873536,0.8239,0,6,C5,1,38633,38633,STD_300
Standard,0,STD_0,7,F,2,43521,1.286,1.6548,1.5744,2.47873536,0.8239,0,6,C5,2,40687,40687,STD_300
Standard,0,STD_0,8,F,1,38006,1.248,1.5575,1.5744,2.47873536,0.9212,0,8,C5,3,41765,41765,STD_300
Standard,0,STD_0,8,F,2,39055,1.248,1.5575,1.5744,2.47873536,0.9212,0,8,C6,1,38866,38866,STD_300
Standard,0,STD_0,9,F,1,37803,1.267,1.6058,1.536,2.359296,0.7535,0,4,C6,2,38720,38720,STD_300
Standard,0,STD_0,9,F,2,49228,1.267,1.6058,1.536,2.359296,0.7535,0,4,C6,3,36937,,STD_300
Standard,0,STD_0,10,F,1,38848,1.152,1.3271,1.5936,2.53956096,1.2125,0,5,C7,1,45949,45949,A45_0
Standard,0,STD_0,10,F,2,39056,1.152,1.3271,1.5936,2.53956096,1.2125,0,5,C7,2,42955,42955,A45_0
Standard,0,STD_0,12,F,1,42749,1.306,1.7046,1.5936,2.53956096,0.835,0,3,C8,2,39622,39622,A45_0
Standard,0,STD_0,12,F,2,38233,1.306,1.7046,1.5936,2.53956096,0.835,0,3,C8,3,44341,44341,A45_0
Standard,0,STD_0,13,F,1,48756,1.171,1.3717,1.5552,2.41864704,1.0469,0,4,C9,1,49547,49547,A45_150
Standard,0,STD_0,13,F,2,45885,1.171,1.3717,1.5552,2.41864704,1.0469,0,4,C9,2,45937,45937,A45_150
Standard,0,STD_0,14,F,1,45848,1.152,1.3271,1.536,2.359296,1.0322,0,7,C9,3,44655,44655,A45_150
Standard,0,STD_0,14,F,2,52629,1.152,1.3271,1.536,2.359296,1.0322,0,7,C10,1,47551,47551,A45_150
Standard,0,STD_0,15,F,1,54500,1.133,1.2832,,,,0,0,C10,2,38811,38811,A45_150
Standard,0,STD_0,15,F,2,57043,1.133,1.2832,,,,0,0,C10,3,41802,41802,A45_150
Standard,0,STD_0,16,F,1,51744,1.19,1.4171,1.6128,2.60112384,1.1841,0,5,C11,1,45039,45039,A45_300
Standard,0,STD_0,16,F,2,50884,1.19,1.4171,1.6128,2.60112384,1.1841,0,5,C11,2,46846,46846,A45_300
Standard,0,STD_0,17,F,1,40069,1.286,1.6548,1.632,2.663424,1.0086,0,7,C11,3,41467,41467,A45_300
Standard,0,STD_0,17,F,2,39768,1.286,1.6548,1.632,2.663424,1.0086,0,7,C12,1,47601,47601,A45_300
Standard,0,STD_0,18,F,1,43964,1.286,1.6548,1.632,2.663424,1.0086,0,6,C12,2,41736,41736,A45_300
Standard,0,STD_0,18,F,2,36892,1.286,1.6548,1.632,2.663424,1.0086,0,6,C12,3,46703,46703,A45_300
Standard,0,STD_0,19,F,1,49545,1.152,1.3271,1.632,2.663424,1.3363,0,2,C13,1,43403,43403,M252_0
Standard,0,STD_0,19,F,2,48155,1.152,1.3271,1.632,2.663424,1.3363,0,2,C13,2,46712,46712,M252_0
Standard,0,STD_0,20,F,1,36826,1.248,1.5575,1.632,2.663424,1.1059,0,6,C13,3,48250,48250,M252_0
Standard,0,STD_0,20,F,2,36800,1.248,1.5575,1.632,2.663424,1.1059,0,6,C14,1,47755,47755,M252_0
Standard,0,STD_0,21,F,1,45831,1.152,1.3271,,,,0,5,C14,2,50829,50829,M252_0
Standard,0,STD_0,21,F,2,51553,1.152,1.3271,,,,0,5,C14,3,55337,55337,M252_0
Standard,0,STD_0,22,F,1,48173,1.229,1.5099,1.632,2.663424,1.1535,0,4,C15,1,51036,51036,M252_150
Standard,0,STD_0,22,F,2,45739,1.229,1.5099,1.632,2.663424,1.1535,0,4,C15,2,45393,45393,M252_150
Standard,0,STD_0,23,F,1,47124,1.114,1.2401,1.5936,2.53956096,1.2995,0,2,C15,3,50893,50893,M252_150
Standard,0,STD_0,23,F,2,39105,1.114,1.2401,1.5936,2.53956096,1.2995,0,2,C16,1,50547,50547,M252_150
Standard,0,STD_0,24,F,1,39908,1.248,1.5575,1.6128,2.60112384,1.0436,0,7,C16,2,49108,49108,M252_150
Standard,0,STD_0,24,F,2,39832,1.248,1.5575,1.6128,2.60112384,1.0436,0,7,C16,3,44478,44478,M252_150
Standard,0,STD_0,25,F,1,48598,1.229,1.5099,1.6128,2.60112384,1.0912,0,1,C17,1,42577,42577,M252_300
Standard,0,STD_0,25,F,2,46890,1.229,1.5099,1.6128,2.60112384,1.0912,0,1,C17,2,43585,43585,M252_300
Standard,0,STD_0,26,F,1,47179,1.19,1.4171,1.6128,2.60112384,1.1841,0,8,C17,3,44031,44031,M252_300
Standard,0,STD_0,26,F,2,46427,1.19,1.4171,1.6128,2.60112384,1.1841,0,8,C18,1,47131,47131,M252_300
Standard,0,STD_0,27,M,1,50842,0.96,0.9216,1.0752,1.15605504,0.2345,0,0,C18,2,39039,39039,M252_300
Standard,0,STD_0,27,M,2,54781,0.96,0.9216,1.0752,1.15605504,0.2345,0,0,C18,3,34368,,M252_300
Standard,0,STD_0,28,F,1,45453,1.286,1.6548,1.5744,2.47873536,0.8239,0,3,C19,1,48628,48628,M281_0
Standard,0,STD_0,28,F,2,44897,1.286,1.6548,1.5744,2.47873536,0.8239,0,3,C19,2,52603,52603,M281_0
Standard,0,STD_0,29,F,1,49048,1.133,1.2832,1.4784,2.18566656,0.9024,0,6,C19,3,42502,42502,M281_0
Standard,0,STD_0,29,F,2,53319,1.133,1.2832,1.4784,2.18566656,0.9024,0,6,C20,1,38783,38783,M281_0
Standard,0,STD_0,30,F,1,48185,1.19,1.4171,1.5936,2.53956096,1.1225,0,2,C20,2,37449,,M281_0
Standard,0,STD_0,30,F,2,41651,1.19,1.4171,1.5936,2.53956096,1.1225,0,2,C20,3,48048,48048,M281_0
A45,150,A45_150,1,F,1,42892,1.114,1.2401,1.6128,2.60112384,1.361,55.11403821,2,,,,,
A45,150,A45_150,1,F,2,40195,1.114,1.2401,1.6128,2.60112384,1.361,55.11403821,2,,,,,
A45,150,A45_150,2,F,1,38512,1.286,1.6548,1.6128,2.60112384,0.9463,0,6,,,,,
A45,150,A45_150,2,F,2,40451,1.286,1.6548,1.6128,2.60112384,0.9463,0,6,,,,,
A45,150,A45_150,3,F,1,38347,1.248,1.5575,1.632,2.663424,1.1059,44.13744271,4,,,,,
A45,150,A45_150,3,F,2,42246,1.248,1.5575,1.632,2.663424,1.1059,44.13744271,4,,,,,
A45,150,A45_150,4,F,1,46903,1.133,1.2832,1.5936,2.53956096,1.2563,0,2,,,,,
A45,150,A45_150,4,F,2,48685,1.133,1.2832,1.5936,2.53956096,1.2563,0,2,,,,,
A45,150,A45_150,5,F,1,46214,1.248,1.5575,1.632,2.663424,1.1059,0,2,,,,,
A45,150,A45_150,5,F,2,50247,1.248,1.5575,1.632,2.663424,1.1059,0,2,,,,,
A45,150,A45_150,6,F,1,50519,1.133,1.2832,1.536,2.359296,1.0761,0,5,,,,,
A45,150,A45_150,6,F,2,49693,1.133,1.2832,1.536,2.359296,1.0761,0,5,,,,,
A45,150,A45_150,7,F,1,44836,1.344,1.8063,1.632,2.663424,0.8571,0,3,,,,,
A45,150,A45_150,7,F,2,46589,1.344,1.8063,1.632,2.663424,0.8571,0,3,,,,,
A45,150,A45_150,8,F,1,42143,1.21,1.4631,1.632,2.663424,1.2003,0,4,,,,,
A45,150,A45_150,8,F,2,44970,1.21,1.4631,1.632,2.663424,1.2003,0,4,,,,,
A45,150,A45_150,9,F,1,47105,,,,,,,0,,,,,
A45,150,A45_150,9,F,2,48432,,,,,,,0,,,,,
A45,150,A45_150,10,F,1,42952,1.306,1.7046,1.6512,2.72646144,1.0219,57.62874782,6,,,,,
A45,150,A45_150,10,F,2,41525,1.306,1.7046,1.6512,2.72646144,1.0219,57.62874782,6,,,,,
A45,150,A45_150,11,F,1,33718,1.344,1.8063,1.632,2.663424,0.8571,82.40686174,6,,,,,
A45,150,A45_150,11,F,2,39662,1.344,1.8063,1.632,2.663424,0.8571,82.40686174,6,,,,,
A45,150,A45_150,12,F,1,43400,1.267,1.6058,1.632,2.663424,1.0576,0,6,,,,,
A45,150,A45_150,12,F,2,42983,1.267,1.6058,1.632,2.663424,1.0576,0,6,,,,,
A45,150,A45_150,13,F,1,46847,1.21,1.4631,1.6704,2.79023616,1.3271,0,3,,,,,
A45,150,A45_150,13,F,2,45090,1.21,1.4631,1.6704,2.79023616,1.3271,0,3,,,,,
A45,150,A45_150,14,F,1,42088,,,,,,,0,,,,,
A45,150,A45_150,14,F,2,43708,,,,,,,0,,,,,
A45,150,A45_150,15,F,1,49373,1.306,1.7046,1.632,2.663424,0.9588,56.95610217,8,,,,,
A45,150,A45_150,15,F,2,48253,1.306,1.7046,1.632,2.663424,0.9588,56.95610217,8,,,,,
A45,150,A45_150,16,F,1,37978,1.286,1.6548,1.5744,2.47873536,0.8239,0,5,,,,,
A45,150,A45_150,16,F,2,42631,1.286,1.6548,1.5744,2.47873536,0.8239,0,5,,,,,
A45,150,A45_150,17,F,1,49536,1.056,1.1151,1.632,2.663424,1.5483,80.24827521,3,,,,,
A45,150,A45_150,17,F,2,47429,1.056,1.1151,1.632,2.663424,1.5483,80.24827521,3,,,,,
A45,150,A45_150,18,F,1,49889,1.171,1.3717,1.632,2.663424,1.2917,0,1,,,,,
A45,150,A45_150,18,F,2,56013,1.171,1.3717,1.632,2.663424,1.2917,0,1,,,,,
A45,150,A45_150,19,F,1,47477,,,,,,,0,,,,,
A45,150,A45_150,19,F,2,51455,,,,,,,0,,,,,
A45,150,A45_150,20,F,1,40336,1.056,1.1151,1.4208,2.01867264,0.9035,0,0,,,,,
A45,150,A45_150,20,F,2,50001,1.056,1.1151,1.4208,2.01867264,0.9035,0,0,,,,,
A45,150,A45_150,21,F,1,46203,1.306,1.7046,1.7088,2.91999744,1.2154,79.28287348,5,,,,,
A45,150,A45_150,21,F,2,48794,1.306,1.7046,1.7088,2.91999744,1.2154,79.28287348,5,,,,,
A45,150,A45_150,22,F,1,44535,1.306,1.7046,1.632,2.663424,0.9588,0,7,,,,,
A45,150,A45_150,22,F,2,42417,1.306,1.7046,1.632,2.663424,0.9588,0,7,,,,,
A45,150,A45_150,23,F,1,50654,1.094,1.1977,1.632,2.663424,1.4657,106.9773106,0,,,,,
A45,150,A45_150,23,F,2,43483,1.094,1.1977,1.632,2.663424,1.4657,106.9773106,0,,,,,
A45,150,A45_150,24,F,1,46448,1.133,1.2832,1.632,2.663424,1.3802,22.14877352,0,,,,,
A45,150,A45_150,24,F,2,45597,1.133,1.2832,1.632,2.663424,1.3802,22.14877352,0,,,,,
A45,150,A45_150,25,F,1,42884,1.248,1.5575,1.5936,2.53956096,0.9821,0,6,,,,,
A45,150,A45_150,25,F,2,40606,1.248,1.5575,1.5936,2.53956096,0.9821,0,6,,,,,
A45,150,A45_150,26,F,1,48869,1.325,1.7551,1.5744,2.47873536,0.7236,0,7,,,,,
A45,150,A45_150,26,F,2,45799,1.325,1.7551,1.5744,2.47873536,0.7236,0,7,,,,,
A45,150,A45_150,27,F,1,40007,1.19,1.4171,1.6512,2.72646144,1.3094,,2,,,,,
A45,150,A45_150,27,F,2,49861,1.19,1.4171,1.6512,2.72646144,1.3094,,2,,,,,
A45,150,A45_150,28,F,1,41350,1.306,1.7046,1.5744,2.47873536,0.7741,29.14669793,3,,,,,
A45,150,A45_150,28,F,2,43791,1.306,1.7046,1.5744,2.47873536,0.7741,29.14669793,3,,,,,
A45,150,A45_150,29,F,1,49680,1.094,1.1977,,,,,6,,,,,
A45,150,A45_150,29,F,2,48467,1.094,1.1977,,,,,6,,,,,
A45,150,A45_150,30,F,1,44312,1.286,1.6548,,,,,0,,,,,
A45,150,A45_150,30,F,2,48794,1.286,1.6548,,,,,0,,,,,
Midland 252,150,M252_150,1,F,1,44300,1.248,1.5575,1.5168,2.30068224,0.7432,0,4,,,,,
Midland 252,150,M252_150,1,F,2,42958,1.248,1.5575,1.5168,2.30068224,0.7432,0,4,,,,,
Midland 252,150,M252_150,2,F,1,46585,1.382,1.911,1.536,2.359296,0.4483,0,7,,,,,
Midland 252,150,M252_150,2,F,2,44326,1.382,1.911,1.536,2.359296,0.4483,0,7,,,,,
Midland 252,150,M252_150,3,F,1,48229,0.768,0.5898,1.4976,2.24280576,1.653,171.2537549,2,,,,,
Midland 252,150,M252_150,3,F,2,44854,0.768,0.5898,1.4976,2.24280576,1.653,171.2537549,2,,,,,
Midland 252,150,M252_150,4,F,1,36508,1.286,1.6548,1.5936,2.53956096,0.8847,0,8,,,,,
Midland 252,150,M252_150,4,F,2,41983,1.286,1.6548,1.5936,2.53956096,0.8847,0,8,,,,,
Midland 252,150,M252_150,5,F,1,39359,1.267,1.6058,1.5168,2.30068224,0.6949,0,8,,,,,
Midland 252,150,M252_150,5,F,2,42275,1.267,1.6058,1.5168,2.30068224,0.6949,0,8,,,,,
Midland 252,150,M252_150,6,F,1,48926,0.826,0.6816,1.44,2.0736,1.392,0,0,,,,,
Midland 252,150,M252_150,6,F,2,51066,0.826,0.6816,1.44,2.0736,1.392,0,0,,,,,
Midland 252,150,M252_150,7,F,1,39697,1.267,1.6058,,,,,2,,,,,
Midland 252,150,M252_150,7,F,2,41363,1.267,1.6058,,,,,2,,,,,
Midland 252,150,M252_150,8,F,1,43235,1.344,1.8063,1.632,2.663424,0.8571,0,14,,,,,
Midland 252,150,M252_150,8,F,2,43736,1.344,1.8063,1.632,2.663424,0.8571,0,14,,,,,
Midland 252,150,M252_150,9,F,1,31655,1.344,1.8063,1.5168,2.30068224,0.4943,0,9,,,,,
Midland 252,150,M252_150,9,F,2,36184,1.344,1.8063,1.5168,2.30068224,0.4943,0,9,,,,,
Midland 252,150,M252_150,10,F,1,49533,1.056,1.1151,,,,,0,,,,,
Midland 252,150,M252_150,10,F,2,47544,1.056,1.1151,,,,,0,,,,,
Midland 252,150,M252_150,11,F,1,44751,1.056,1.1151,,,,0,3,,,,,
Midland 252,150,M252_150,11,F,2,47924,1.056,1.1151,,,,0,3,,,,,
Midland 252,150,M252_150,12,F,1,43352,1.248,1.5575,,,,0,4,,,,,
Midland 252,150,M252_150,12,F,2,42822,1.248,1.5575,,,,0,4,,,,,
Midland 252,150,M252_150,13,F,1,47585,1.229,1.5099,,,,,4,,,,,
Midland 252,150,M252_150,13,F,2,43848,1.229,1.5099,,,,,4,,,,,
Midland 252,150,M252_150,14,F,1,40588,1.248,1.5575,,,,,0,,,,,
Midland 252,150,M252_150,14,F,2,41372,1.248,1.5575,,,,,0,,,,,
Midland 252,150,M252_150,15,F,1,44787,1.19,1.4171,1.44,2.0736,0.6565,66.19417476,7,,,,,
Midland 252,150,M252_150,15,F,2,48217,1.19,1.4171,1.44,2.0736,0.6565,66.19417476,7,,,,,
Midland 252,150,M252_150,16,F,1,43123,1.325,1.7551,1.4976,2.24280576,0.4877,0,12,,,,,
Midland 252,150,M252_150,16,F,2,40975,1.325,1.7551,1.4976,2.24280576,0.4877,0,12,,,,,
Midland 252,150,M252_150,17,F,1,44117,1.21,1.4631,,,,,4,,,,,
Midland 252,150,M252_150,17,F,2,48284,1.21,1.4631,,,,,4,,,,,
Midland 252,150,M252_150,18,F,1,47266,1.056,1.1151,,,,,0,,,,,
Midland 252,150,M252_150,18,F,2,45035,1.056,1.1151,,,,,0,,,,,
Midland 252,150,M252_150,19,F,1,42044,1.018,1.0355,1.5936,2.53956096,1.5041,0,5,,,,,
Midland 252,150,M252_150,19,F,2,41403,1.018,1.0355,1.5936,2.53956096,1.5041,0,5,,,,,
Midland 252,150,M252_150,20,F,1,38034,1.248,1.5575,1.536,2.359296,0.8018,0,9,,,,,
Midland 252,150,M252_150,20,F,2,43197,1.248,1.5575,1.536,2.359296,0.8018,0,9,,,,,
Midland 252,150,M252_150,21,F,1,36606,1.267,1.6058,1.4592,2.12926464,0.5235,0,6,,,,,
Midland 252,150,M252_150,21,F,2,38070,1.267,1.6058,1.4592,2.12926464,0.5235,0,6,,,,,
Midland 252,150,M252_150,22,F,1,47758,1.286,1.6548,1.44,2.0736,0.4188,0,5,,,,,
Midland 252,150,M252_150,22,F,2,48784,1.286,1.6548,1.44,2.0736,0.4188,0,5,,,,,
Midland 252,150,M252_150,23,F,1,51497,1.248,1.5575,1.4976,2.24280576,0.6853,0,9,,,,,
Midland 252,150,M252_150,23,F,2,50036,1.248,1.5575,1.4976,2.24280576,0.6853,0,9,,,,,
Midland 252,150,M252_150,24,F,1,49465,1.037,1.075,,,,0,2,,,,,
Midland 252,150,M252_150,24,F,2,45762,1.037,1.075,,,,0,2,,,,,
Midland 252,150,M252_150,25,F,1,44274,1.19,1.4171,1.5936,2.53956096,1.1225,97.61762115,4,,,,,
Midland 252,150,M252_150,25,F,2,48566,1.19,1.4171,1.5936,2.53956096,1.1225,97.61762115,4,,,,,
Midland 252,150,M252_150,26,F,1,46355,1.229,1.5099,1.44,2.0736,0.5637,0,10,,,,,
Midland 252,150,M252_150,26,F,2,46566,1.229,1.5099,1.44,2.0736,0.5637,0,10,,,,,
Midland 252,150,M252_150,27,F,1,46570,1.286,1.6548,1.4976,2.24280576,0.588,0,5,,,,,
Midland 252,150,M252_150,27,F,2,47553,1.286,1.6548,1.4976,2.24280576,0.588,0,5,,,,,
Midland 252,150,M252_150,28,F,1,44289,1.229,1.5099,1.5168,2.30068224,0.7907,49.07301173,5,,,,,
Midland 252,150,M252_150,28,F,2,46754,1.229,1.5099,1.5168,2.30068224,0.7907,49.07301173,5,,,,,
Midland 252,150,M252_150,29,F,1,49936,1.286,1.6548,1.5552,2.41864704,0.7638,0,5,,,,,
Midland 252,150,M252_150,29,F,2,48067,1.286,1.6548,1.5552,2.41864704,0.7638,0,5,,,,,
Midland 252,150,M252_150,30,F,1,51124,0.922,0.8493,1.4784,2.18566656,1.3363,0,4,,,,,
Midland 252,150,M252_150,30,F,2,50937,0.922,0.8493,1.4784,2.18566656,1.3363,0,4,,,,,
Midland 281,150,M281_150,1,F,1,30563,1.248,1.5575,1.536,2.359296,0.8018,0,2,,,,,
Midland 281,150,M281_150,1,F,2,28883,1.248,1.5575,1.536,2.359296,0.8018,0,2,,,,,
Midland 281,150,M281_150,2,F,1,23411,1.306,1.7046,,,,0,0,,,,,
Midland 281,150,M281_150,2,F,2,24186,1.306,1.7046,,,,0,0,,,,,
Midland 281,150,M281_150,3,F,1,25597,1.248,1.5575,1.5744,2.47873536,0.9212,0,1,,,,,
Midland 281,150,M281_150,3,F,2,23602,1.248,1.5575,1.5744,2.47873536,0.9212,0,1,,,,,
Midland 281,150,M281_150,4,F,1,28618,1.114,1.2401,1.5168,2.30068224,1.0606,0,0,,,,,
Midland 281,150,M281_150,4,F,2,31751,1.114,1.2401,1.5168,2.30068224,1.0606,0,0,,,,,
Midland 281,150,M281_150,5,F,1,31157,1.075,1.1561,1.536,2.359296,1.2032,0,1,,,,,
Midland 281,150,M281_150,5,F,2,28244,1.075,1.1561,1.536,2.359296,1.2032,0,1,,,,,
Midland 281,150,M281_150,6,F,1,30987,1.075,1.1561,1.4976,2.24280576,1.0868,0,1,,,,,
Midland 281,150,M281_150,6,F,2,32274,1.075,1.1561,1.4976,2.24280576,1.0868,0,1,,,,,
Midland 281,150,M281_150,7,F,1,28723,0.864,0.7465,1.344,1.806336,1.0598,47.4397026,1,,,,,
Midland 281,150,M281_150,7,F,2,30982,0.864,0.7465,1.344,1.806336,1.0598,47.4397026,1,,,,,
Midland 281,150,M281_150,8,F,1,33746,1.21,1.4631,,,,,3,,,,,
Midland 281,150,M281_150,8,F,2,33861,1.21,1.4631,,,,,3,,,,,
Midland 281,150,M281_150,9,F,1,24834,1.363,1.8583,1.5936,2.53956096,0.6812,0,7,,,,,
Midland 281,150,M281_150,9,F,2,31753,1.363,1.8583,1.5936,2.53956096,0.6812,0,7,,,,,
Midland 281,150,M281_150,10,F,1,31759,1.114,1.2401,1.4592,2.12926464,0.8892,0,1,,,,,
Midland 281,150,M281_150,10,F,2,27871,1.114,1.2401,1.4592,2.12926464,0.8892,0,1,,,,,
Midland 281,150,M281_150,11,F,1,28245,1.133,1.2832,1.4976,2.24280576,0.9596,0,3,,,,,
Midland 281,150,M281_150,11,F,2,27806,1.133,1.2832,1.4976,2.24280576,0.9596,0,3,,,,,
Midland 281,150,M281_150,12,F,1,24319,1.344,1.8063,,,,,1,,,,,
Midland 281,150,M281_150,12,F,2,27881,1.344,1.8063,,,,,1,,,,,
Midland 281,150,M281_150,13,F,1,24753,1.344,1.8063,,,,,3,,,,,
Midland 281,150,M281_150,13,F,2,28436,1.344,1.8063,,,,,3,,,,,
Midland 281,150,M281_150,14,F,1,34988,1.19,1.4171,1.536,2.359296,0.9422,0,4,,,,,
Midland 281,150,M281_150,14,F,2,29098,1.19,1.4171,1.536,2.359296,0.9422,0,4,,,,,
Midland 281,150,M281_150,15,F,1,28995,1.44,2.0736,1.6512,2.72646144,0.6529,0,1,,,,,
Midland 281,150,M281_150,15,F,2,28934,1.44,2.0736,1.6512,2.72646144,0.6529,0,1,,,,,
Midland 281,150,M281_150,16,F,1,28816,1.248,1.5575,,,,,3,,,,,
Midland 281,150,M281_150,16,F,2,28884,1.248,1.5575,,,,,3,,,,,
Midland 281,150,M281_150,17,F,1,28638,1.133,1.2832,1.5936,2.53956096,1.2563,0,1,,,,,
Midland 281,150,M281_150,17,F,2,28760,1.133,1.2832,1.5936,2.53956096,1.2563,0,1,,,,,
Midland 281,150,M281_150,18,F,1,21921,1.344,1.8063,1.6704,2.79023616,0.9839,0,8,,,,,
Midland 281,150,M281_150,18,F,2,22374,1.344,1.8063,1.6704,2.79023616,0.9839,0,8,,,,,
Midland 281,150,M281_150,19,F,1,29377,1.286,1.6548,1.5744,2.47873536,0.8239,0,3,,,,,
Midland 281,150,M281_150,19,F,2,27082,1.286,1.6548,1.5744,2.47873536,0.8239,0,3,,,,,
Midland 281,150,M281_150,20,F,1,25825,1.229,1.5099,1.4976,2.24280576,0.7329,0,4,,,,,
Midland 281,150,M281_150,20,F,2,25462,1.229,1.5099,1.4976,2.24280576,0.7329,0,4,,,,,
Midland 281,150,M281_150,21,F,1,28007,,,,,0,,0,,,,,
Midland 281,150,M281_150,21,F,2,29303,,,,,0,,0,,,,,
Midland 281,150,M281_150,22,F,1,34014,1.171,1.3717,1.5744,2.47873536,1.107,0,1,,,,,
Midland 281,150,M281_150,22,F,2,39170,1.171,1.3717,1.5744,2.47873536,1.107,0,1,,,,,
Midland 281,150,M281_150,23,F,1,32072,1.094,1.1977,,,,,0,,,,,
Midland 281,150,M281_150,23,F,2,28331,1.094,1.1977,,,,,0,,,,,
Midland 281,150,M281_150,24,F,1,25339,1.248,1.5575,1.536,2.359296,0.8018,0,2,,,,,
Midland 281,150,M281_150,24,F,2,23530,1.248,1.5575,1.536,2.359296,0.8018,0,2,,,,,
Midland 281,150,M281_150,25,F,1,29134,1.171,1.3717,1.4976,2.24280576,0.8711,0,1,,,,,
Midland 281,150,M281_150,25,F,2,30207,1.171,1.3717,1.4976,2.24280576,0.8711,0,1,,,,,
Midland 281,150,M281_150,26,F,1,24024,1.344,1.8063,1.5936,2.53956096,0.7332,0,1,,,,,
Midland 281,150,M281_150,26,F,2,22945,1.344,1.8063,1.5936,2.53956096,0.7332,0,1,,,,,
Midland 281,150,M281_150,27,F,1,28578,1.325,1.7551,1.5744,2.47873536,0.7236,0,2,,,,,
Midland 281,150,M281_150,27,F,2,30575,1.325,1.7551,1.5744,2.47873536,0.7236,0,2,,,,,
Midland 281,150,M281_150,28,F,1,32200,1.286,1.6548,1.6128,2.60112384,0.9463,0,4,,,,,
Midland 281,150,M281_150,28,F,2,29790,1.286,1.6548,1.6128,2.60112384,0.9463,0,4,,,,,
Midland 281,150,M281_150,29,F,1,25330,1.306,1.7046,1.5552,2.41864704,0.7141,0,2,,,,,
Midland 281,150,M281_150,29,F,2,24349,1.306,1.7046,1.5552,2.41864704,0.7141,0,2,,,,,
Midland 281,150,M281_150,30,F,1,26534,1.248,1.5575,1.5168,2.30068224,0.7432,0,4,,,,,
Midland 281,150,M281_150,30,F,2,34114,1.248,1.5575,1.5168,2.30068224,0.7432,0,4,,,,,
Standard,150,STD_150,1,F,1,44601,1.21,1.4631,1.536,2.359296,0.8962,73.56031816,5,C21,1,31356,,M281_150
Standard,150,STD_150,1,F,2,43891,1.21,1.4631,1.536,2.359296,0.8962,73.56031816,5,C21,2,35324,,M281_150
Standard,150,STD_150,2,F,1,44056,1.286,1.6548,1.5936,2.53956096,0.8847,85.22576818,8,C21,3,29986,,M281_150
Standard,150,STD_150,2,F,2,40124,1.286,1.6548,1.5936,2.53956096,0.8847,85.22576818,8,C22,1,31798,,M281_150
Standard,150,STD_150,3,F,1,44822,1.171,1.3717,1.6128,2.60112384,1.2294,95.79102237,6,C22,2,31514,,M281_150
Standard,150,STD_150,3,F,2,39324,1.171,1.3717,1.6128,2.60112384,1.2294,95.79102237,6,C22,3,34186,,M281_150
Standard,150,STD_150,4,F,1,49377,1.133,1.2832,,,,,0,C23,1,39669,39669,M281_300
Standard,150,STD_150,4,F,2,43985,1.133,1.2832,,,,,0,C23,2,32900,,M281_300
Standard,150,STD_150,5,F,1,50122,1.19,1.4171,,,,,0,C23,3,40764,40764,M281_300
Standard,150,STD_150,5,F,2,46761,1.19,1.4171,,,,,0,C24,1,39751,39751,M281_300
Standard,150,STD_150,6,F,1,38707,1.229,1.5099,1.5936,2.53956096,1.0296,83.75,4,C24,2,43098,43098,M281_300
Standard,150,STD_150,6,F,2,34462,1.229,1.5099,1.5936,2.53956096,1.0296,83.75,4,C24,3,40279,40279,M281_300
Standard,150,STD_150,7,F,1,40558,1.325,1.7551,1.5552,2.41864704,0.6636,52.70497023,7,C150_1,1,51775,51775,STD_150
Standard,150,STD_150,7,F,2,41376,1.325,1.7551,1.5552,2.41864704,0.6636,52.70497023,7,C150_1,2,50440,50440,STD_150
Standard,150,STD_150,8,F,1,46835,1.21,1.4631,1.536,2.359296,0.8962,96.35519825,11,C150_2,1,47658,47658,STD_150
Standard,150,STD_150,8,F,2,50619,1.21,1.4631,1.536,2.359296,0.8962,96.35519825,11,C150_2,2,46064,46064,STD_150
Standard,150,STD_150,9,F,1,49231,1.19,1.4171,,,,,0,C150_3,1,48469,48469,A45_150
Standard,150,STD_150,9,F,2,53925,1.19,1.4171,,,,,0,C150_3,2,50633,50633,A45_150
Standard,150,STD_150,10,F,1,45594,1.267,1.6058,1.536,2.359296,0.7535,103.4101047,9,C150_4,1,48508,48508,A45_150
Standard,150,STD_150,10,F,2,49750,1.267,1.6058,1.536,2.359296,0.7535,103.4101047,9,C150_4,2,49731,49731,A45_150
Standard,150,STD_150,11,F,1,48765,,,,,,,0,C150_5,1,50573,50573,M252_150
Standard,150,STD_150,11,F,2,41992,,,,,,,0,C150_5,2,51439,51439,M252_150
Standard,150,STD_150,12,F,1,46817,1.248,1.5575,,,,,3,C150_6,1,53423,53423,M252_150
Standard,150,STD_150,12,F,2,45067,1.248,1.5575,,,,,3,C150_6,2,53850,53850,M252_150
Standard,150,STD_150,13,F,1,43216,1.21,1.4631,1.5168,2.30068224,0.8376,84.96936392,6,C150_7,1,33445,,M281_150
Standard,150,STD_150,13,F,2,36210,1.21,1.4631,1.5168,2.30068224,0.8376,84.96936392,6,C150_7,2,50897,50897,M281_150
Standard,150,STD_150,14,F,1,41898,1.152,1.3271,1.536,2.359296,1.0322,53.50132257,8,C150_8,1,40162,40162,M281_150
Standard,150,STD_150,14,F,2,43471,1.152,1.3271,1.536,2.359296,1.0322,53.50132257,8,C150_8,2,39152,39152,M281_150
Standard,150,STD_150,15,F,1,43441,1.248,1.5575,1.5744,2.47873536,0.9212,42.81507919,4,C300_1,1,41791,41791,STD_300
Standard,150,STD_150,15,F,2,47810,1.248,1.5575,1.5744,2.47873536,0.9212,42.81507919,4,C300_1,2,43888,43888,STD_300
Standard,150,STD_150,16,F,1,45726,1.344,1.8063,1.5936,2.53956096,0.7332,110.7902004,10,C300_2,1,40023,40023,STD_300
Standard,150,STD_150,16,F,2,47980,1.344,1.8063,1.5936,2.53956096,0.7332,110.7902004,10,C300_2,2,45600,45600,STD_300
Standard,150,STD_150,17,F,1,43942,1.325,1.7551,1.5168,2.30068224,0.5456,46.2327142,0,C300_3,1,43567,43567,A45_300
Standard,150,STD_150,17,F,2,36924,1.325,1.7551,1.5168,2.30068224,0.5456,46.2327142,0,C300_3,2,42259,42259,A45_300
Standard,150,STD_150,18,F,1,43269,1.286,1.6548,1.4592,2.12926464,0.4744,58.13939251,6,C300_4,1,39409,39409,A45_300
Standard,150,STD_150,18,F,2,41273,1.286,1.6548,1.4592,2.12926464,0.4744,58.13939251,6,C300_4,2,49180,49180,A45_300
Standard,150,STD_150,19,F,1,44763,,,,,,,0,C300_5,1,37630,,M252_300
Standard,150,STD_150,19,F,2,39473,,,,,,,0,C300_5,2,44149,44149,M252_300
Standard,150,STD_150,20,F,1,49303,0.922,0.8493,0.96,0.9216,0.0723,44.58608254,0,C300_6,1,48516,48516,M252_300
Standard,150,STD_150,20,F,2,41294,0.922,0.8493,0.96,0.9216,0.0723,44.58608254,0,C300_6,2,53469,53469,M252_300
Standard,150,STD_150,21,F,1,50947,1.344,1.8063,1.536,2.359296,0.553,30.92008368,9,C300_7,1,40640,40640,M281_300
Standard,150,STD_150,21,F,2,54413,1.344,1.8063,1.536,2.359296,0.553,30.92008368,9,C300_7,2,34503,,M281_300
Standard,150,STD_150,22,F,1,50774,1.229,1.5099,1.4976,2.24280576,0.7329,66.25,7,C300_8,1,33592,,M281_300
Standard,150,STD_150,22,F,2,54285,1.229,1.5099,1.4976,2.24280576,0.7329,66.25,7,C300_8,2,32547,,M281_300
Standard,150,STD_150,23,M,1,53598,1.018,1.0355,1.056,1.115136,0.0796,38.01271651,0,,,,,
Standard,150,STD_150,23,M,2,51342,1.018,1.0355,1.056,1.115136,0.0796,38.01271651,0,,,,,
Standard,150,STD_150,25,F,1,50761,0.96,0.9216,,,,80,4,,,,,
Standard,150,STD_150,25,F,2,46095,0.96,0.9216,,,,80,4,,,,,
Standard,150,STD_150,24,M,1,45536,1.344,1.8063,1.5936,2.53956096,0.7332,,0,,,,,
Standard,150,STD_150,24,M,2,47446,1.344,1.8063,1.5936,2.53956096,0.7332,,0,,,,,
Standard,150,STD_150,26,F,1,52642,1.171,1.3717,,,,,0,,,,,
Standard,150,STD_150,26,F,2,50442,1.171,1.3717,,,,,0,,,,,
Standard,150,STD_150,27,F,1,51100,1.248,1.5575,1.536,2.359296,0.8018,0,0,,,,,
Standard,150,STD_150,27,F,2,52156,1.248,1.5575,1.536,2.359296,0.8018,0,0,,,,,
Standard,150,STD_150,28,F,1,50444,1.229,1.5099,1.536,2.359296,0.8493,74.91194891,7,,,,,
Standard,150,STD_150,28,F,2,53019,1.229,1.5099,1.536,2.359296,0.8493,74.91194891,7,,,,,
Standard,150,STD_150,29,F,1,50897,1.21,1.4631,1.5552,2.41864704,0.9555,112.8922549,5,,,,,
Standard,150,STD_150,29,F,2,43512,1.21,1.4631,1.5552,2.41864704,0.9555,112.8922549,5,,,,,
Standard,150,STD_150,30,F,1,48533,1.229,1.5099,1.5168,2.30068224,0.7907,50.33646456,5,,,,,
Standard,150,STD_150,30,F,2,42404,1.229,1.5099,1.5168,2.30068224,0.7907,50.33646456,5,,,,,
A45,300,A45_300,1,F,1,48477,1.19,1.4171,1.632,2.663424,1.2464,0,5,,,,,
A45,300,A45_300,1,F,2,44395,1.19,1.4171,1.632,2.663424,1.2464,0,5,,,,,
A45,300,A45_300,2,F,1,43754,1.152,1.3271,1.5936,2.53956096,1.2125,0,3,,,,,
A45,300,A45_300,2,F,2,43415,1.152,1.3271,1.5936,2.53956096,1.2125,0,3,,,,,
A45,300,A45_300,3,F,1,42091,1.075,1.1561,1.5936,2.53956096,1.3835,0,1,,,,,
A45,300,A45_300,3,F,2,42337,1.075,1.1561,1.5936,2.53956096,1.3835,0,1,,,,,
A45,300,A45_300,4,F,1,42182,1.152,1.3271,1.5936,2.53956096,1.2125,31.72544879,4,,,,,
A45,300,A45_300,4,F,2,44160,1.152,1.3271,1.5936,2.53956096,1.2125,31.72544879,4,,,,,
A45,300,A45_300,5,F,1,45514,1.44,2.0736,1.6704,2.79023616,0.7166,104.2836518,6,,,,,
A45,300,A45_300,5,F,2,40482,1.44,2.0736,1.6704,2.79023616,0.7166,104.2836518,6,,,,,
A45,300,A45_300,6,F,1,47702,,,,,0,,0,,,,,
A45,300,A45_300,6,F,2,48576,,,,,0,,0,,,,,
A45,300,A45_300,7,F,1,41072,1.325,1.7551,,,,,0,,,,,
A45,300,A45_300,7,F,2,36416,1.325,1.7551,,,,,0,,,,,
A45,300,A45_300,8,F,1,47340,1.152,1.3271,1.5936,2.53956096,1.2125,67.92472763,4,,,,,
A45,300,A45_300,8,F,2,46983,1.152,1.3271,1.5936,2.53956096,1.2125,67.92472763,4,,,,,
A45,300,A45_300,9,F,1,41512,1.306,1.7046,,,,,0,,,,,
A45,300,A45_300,9,F,2,44171,1.306,1.7046,,,,,0,,,,,
A45,300,A45_300,10,F,1,44184,1.306,1.7046,1.5936,2.53956096,0.835,96.86688175,5,,,,,
A45,300,A45_300,10,F,2,47817,1.306,1.7046,1.5936,2.53956096,0.835,96.86688175,5,,,,,
A45,300,A45_300,11,F,1,41944,1.325,1.7551,1.5552,2.41864704,0.6636,78.8604003,4,,,,,
A45,300,A45_300,11,F,2,46623,1.325,1.7551,1.5552,2.41864704,0.6636,78.8604003,4,,,,,
A45,300,A45_300,12,F,1,41229,1.286,1.6548,1.7088,2.91999744,1.2652,0,5,,,,,
A45,300,A45_300,12,F,2,42513,1.286,1.6548,1.7088,2.91999744,1.2652,0,5,,,,,
A45,300,A45_300,13,F,1,36283,1.382,1.911,1.728,2.985984,1.075,0,10,,,,,
A45,300,A45_300,13,F,2,38162,1.382,1.911,1.728,2.985984,1.075,0,10,,,,,
A45,300,A45_300,14,F,1,47237,1.21,1.4631,,,,,0,,,,,
A45,300,A45_300,14,F,2,44913,1.21,1.4631,,,,,0,,,,,
A45,300,A45_300,15,F,1,48875,,,,,0,,,,,,,
A45,300,A45_300,15,F,2,55465,,,,,0,,,,,,,
A45,300,A45_300,16,F,1,42937,1.248,1.5575,1.5168,2.30068224,0.7432,77.74753662,6,,,,,
A45,300,A45_300,16,F,2,42388,1.248,1.5575,1.5168,2.30068224,0.7432,77.74753662,6,,,,,
A45,300,A45_300,17,F,1,43880,1.248,1.5575,1.5168,2.30068224,0.7432,44.84906412,7,,,,,
A45,300,A45_300,17,F,2,44328,1.248,1.5575,1.5168,2.30068224,0.7432,44.84906412,7,,,,,
A45,300,A45_300,18,F,1,38418,1.344,1.8063,1.5552,2.41864704,0.6123,146.8822662,1,,,,,
A45,300,A45_300,18,F,2,39197,1.344,1.8063,1.5552,2.41864704,0.6123,146.8822662,1,,,,,
A45,300,A45_300,19,F,1,39791,1.114,1.2401,,,,22.196,2,,,,,
A45,300,A45_300,19,F,2,46652,1.114,1.2401,,,,22.196,2,,,,,
A45,300,A45_300,20,F,1,44790,1.382,1.911,1.6512,2.72646144,0.8154,0,9,,,,,
A45,300,A45_300,20,F,2,40178,1.382,1.911,1.6512,2.72646144,0.8154,0,9,,,,,
A45,300,A45_300,21,F,1,53320,,,,,0,,0,,,,,
A45,300,A45_300,21,F,2,53218,,,,,0,,0,,,,,
A45,300,A45_300,22,F,1,43391,1.133,1.2832,1.632,2.663424,1.3802,0,3,,,,,
A45,300,A45_300,22,F,2,46675,1.133,1.2832,1.632,2.663424,1.3802,0,3,,,,,
A45,300,A45_300,23,F,1,53039,0.902,0.8143,1.6704,2.79023616,1.9759,0,2,,,,,
A45,300,A45_300,23,F,2,50494,0.902,0.8143,1.6704,2.79023616,1.9759,,2,,,,,
A45,300,A45_300,24,F,1,39202,1.152,1.3271,1.632,2.663424,1.3363,80.58276125,3,,,,,
A45,300,A45_300,24,F,2,44855,1.152,1.3271,1.632,2.663424,1.3363,80.58276125,3,,,,,
A45,300,A45_300,25,F,1,45561,1.056,1.1151,1.632,2.663424,1.5483,0,1,,,,,
A45,300,A45_300,25,F,2,44644,1.056,1.1151,1.632,2.663424,1.5483,0,1,,,,,
A45,300,A45_300,26,F,1,43987,1.306,1.7046,1.5936,2.53956096,0.835,0,6,,,,,
A45,300,A45_300,26,F,2,41057,1.306,1.7046,1.5936,2.53956096,0.835,0,6,,,,,
A45,300,A45_300,27,F,1,37618,1.286,1.6548,,,,42.11109712,6,,,,,
A45,300,A45_300,27,F,2,45523,1.286,1.6548,,,,42.11109712,6,,,,,
A45,300,A45_300,28,F,1,46598,1.152,1.3271,1.7088,2.91999744,1.5929,0,1,,,,,
A45,300,A45_300,28,F,2,41136,1.152,1.3271,1.7088,2.91999744,1.5929,0,1,,,,,
A45,300,A45_300,29,F,1,48444,1.152,1.3271,1.536,2.359296,1.0322,0,3,,,,,
A45,300,A45_300,29,F,2,43666,1.152,1.3271,1.536,2.359296,1.0322,0,3,,,,,
A45,300,A45_300,30,F,1,37283,1.248,1.5575,,,,,3,,,,,
A45,300,A45_300,30,F,2,35485,1.248,1.5575,,,,,3,,,,,
Midland 252,300,M252_300,1,F,1,47333,1.114,1.2401,1.4976,2.24280576,1.0027,0,10,,,,,
Midland 252,300,M252_300,1,F,2,39005,1.114,1.2401,1.4976,2.24280576,1.0027,0,10,,,,,
Midland 252,300,M252_300,2,F,1,26970,1.133,1.2832,1.3056,1.70459136,0.4214,40.63642643,6,,,,,
Midland 252,300,M252_300,2,F,2,27967,1.133,1.2832,1.3056,1.70459136,0.4214,40.63642643,6,,,,,
Midland 252,300,M252_300,3,F,1,29385,1.248,1.5575,1.536,2.359296,0.8018,0,15,,,,,
Midland 252,300,M252_300,3,F,2,30048,1.248,1.5575,1.536,2.359296,0.8018,0,15,,,,,
Midland 252,300,M252_300,4,F,1,37159,1.152,1.3271,1.4784,2.18566656,0.8586,0,7,,,,,
Midland 252,300,M252_300,4,F,2,34720,1.152,1.3271,1.4784,2.18566656,0.8586,0,7,,,,,
Midland 252,300,M252_300,5,F,1,38173,1.248,1.5575,1.5168,2.30068224,0.7432,0,8,,,,,
Midland 252,300,M252_300,5,F,2,36608,1.248,1.5575,1.5168,2.30068224,0.7432,0,8,,,,,
Midland 252,300,M252_300,6,F,1,46167,0.979,0.9588,1.4592,2.12926464,1.1704,34.25498308,1,,,,,
Midland 252,300,M252_300,6,F,2,43779,0.979,0.9588,1.4592,2.12926464,1.1704,34.25498308,1,,,,,
Midland 252,300,M252_300,7,F,1,43828,1.094,1.1977,,,,15.87853107,2,,,,,
Midland 252,300,M252_300,7,F,2,43948,1.094,1.1977,,,,15.87853107,2,,,,,
Midland 252,300,M252_300,8,F,1,36748,1.094,1.1977,,,,,3,,,,,
Midland 252,300,M252_300,8,F,2,34116,1.094,1.1977,,,,,3,,,,,
Midland 252,300,M252_300,9,F,1,39499,,,,,0,,0,,,,,
Midland 252,300,M252_300,9,F,2,33333,,,,,0,,0,,,,,
Midland 252,300,M252_300,10,F,1,34772,1.171,1.3717,1.4784,2.18566656,0.814,0,11,,,,,
Midland 252,300,M252_300,10,F,2,41486,1.171,1.3717,1.4784,2.18566656,0.814,0,11,,,,,
Midland 252,300,M252_300,11,F,1,40453,0.845,0.7137,1.5168,2.30068224,1.587,0,0,,,,,
Midland 252,300,M252_300,11,F,2,39263,0.845,0.7137,1.5168,2.30068224,1.587,0,0,,,,,
Midland 252,300,M252_300,12,F,1,40514,0.998,0.9968,,,,,0,,,,,
Midland 252,300,M252_300,12,F,2,45724,0.998,0.9968,,,,,0,,,,,
Midland 252,300,M252_300,13,F,1,37171,1.306,1.7046,,,,,0,,,,,
Midland 252,300,M252_300,13,F,2,38445,1.306,1.7046,,,,,0,,,,,
Midland 252,300,M252_300,14,F,1,32092,1.344,1.8063,1.44,2.0736,0.2673,29.70253446,13,,,,,
Midland 252,300,M252_300,14,F,2,32069,1.344,1.8063,1.44,2.0736,0.2673,29.70253446,13,,,,,
Midland 252,300,M252_300,15,F,1,51585,1.075,1.1561,,,,,0,,,,,
Midland 252,300,M252_300,15,F,2,40460,1.075,1.1561,,,,,0,,,,,
Midland 252,300,M252_300,16,F,1,40305,0.902,0.8143,,,,,0,,,,,
Midland 252,300,M252_300,16,F,2,40399,0.902,0.8143,,,,,0,,,,,
Midland 252,300,M252_300,17,F,1,39007,0.941,0.8851,1.3056,1.70459136,0.8195,46.87272727,4,,,,,
Midland 252,300,M252_300,17,F,2,46057,0.941,0.8851,1.3056,1.70459136,0.8195,46.87272727,4,,,,,
Midland 252,300,M252_300,18,F,1,41472,0.883,0.78,1.5552,2.41864704,1.6386,0,4,,,,,
Midland 252,300,M252_300,18,F,2,47299,0.883,0.78,1.5552,2.41864704,1.6386,0,4,,,,,
Midland 252,300,M252_300,19,F,1,43841,1.037,1.075,1.3824,1.91102976,0.8361,20.74783862,4,,,,,
Midland 252,300,M252_300,19,F,2,42249,1.037,1.075,1.3824,1.91102976,0.8361,20.74783862,4,,,,,
Midland 252,300,M252_300,20,F,1,45905,1.133,1.2832,1.4976,2.24280576,0.9596,0,3,,,,,
Midland 252,300,M252_300,20,F,2,40972,1.133,1.2832,1.4976,2.24280576,0.9596,0,3,,,,,
Midland 252,300,M252_300,21,F,1,47469,1.152,1.3271,1.4016,1.96448256,0.6374,72.26048506,4,,,,,
Midland 252,300,M252_300,21,F,2,44442,1.152,1.3271,1.4016,1.96448256,0.6374,72.26048506,4,,,,,
Midland 252,300,M252_300,22,F,1,43668,1.248,1.5575,1.4784,2.18566656,0.6282,0,8,,,,,
Midland 252,300,M252_300,22,F,2,44709,1.248,1.5575,1.4784,2.18566656,0.6282,0,8,,,,,
Midland 252,300,M252_300,23,F,1,44563,1.152,1.3271,1.5168,2.30068224,0.9736,0,4,,,,,
Midland 252,300,M252_300,23,F,2,46355,1.152,1.3271,1.5168,2.30068224,0.9736,0,4,,,,,
Midland 252,300,M252_300,24,F,1,41979,0.96,0.9216,1.2864,1.65482496,0.7332,0,2,,,,,
Midland 252,300,M252_300,24,F,2,45678,0.96,0.9216,1.2864,1.65482496,0.7332,0,2,,,,,
Midland 252,300,M252_300,25,F,1,49274,1.018,1.0355,1.536,2.359296,1.3238,0,3,,,,,
Midland 252,300,M252_300,25,F,2,41656,1.018,1.0355,1.536,2.359296,1.3238,0,3,,,,,
Midland 252,300,M252_300,26,F,1,42764,0.998,0.9968,,,,,5,,,,,
Midland 252,300,M252_300,26,F,2,45332,0.998,0.9968,,,,,5,,,,,
Midland 252,300,M252_300,27,F,1,36843,0.902,0.8143,,,,,0,,,,,
Midland 252,300,M252_300,27,F,2,42117,0.902,0.8143,,,,,0,,,,,
Midland 252,300,M252_300,28,F,1,44732,1.094,1.1977,,,,,0,,,,,
Midland 252,300,M252_300,28,F,2,43102,1.094,1.1977,,,,,0,,,,,
Midland 252,300,M252_300,29,F,1,38494,1.306,1.7046,1.5936,2.53956096,0.835,0,5,,,,,
Midland 252,300,M252_300,29,F,2,37242,1.306,1.7046,1.5936,2.53956096,0.835,0,5,,,,,
Midland 252,300,M252_300,30,F,1,41709,1.229,1.5099,1.4976,2.24280576,0.7329,0,7,,,,,
Midland 252,300,M252_300,30,F,2,45210,1.229,1.5099,1.4976,2.24280576,0.7329,0,7,,,,,
Midland 281,300,M281_300,1,F,1,36432,1.229,1.5099,1.5552,2.41864704,0.9087,0,2,,,,,
Midland 281,300,M281_300,1,F,2,41689,1.229,1.5099,1.5552,2.41864704,0.9087,0,2,,,,,
Midland 281,300,M281_300,2,F,1,35120,1.248,1.5575,,,,,0,,,,,
Midland 281,300,M281_300,2,F,2,33736,1.248,1.5575,,,,,0,,,,,
Midland 281,300,M281_300,3,F,1,34834,1.306,1.7046,1.5936,2.53956096,0.835,0,3,,,,,
Midland 281,300,M281_300,3,F,2,31915,1.306,1.7046,1.5936,2.53956096,0.835,0,3,,,,,
Midland 281,300,M281_300,4,F,1,30340,1.248,1.5575,1.632,2.663424,1.1059,0,3,,,,,
Midland 281,300,M281_300,4,F,2,32137,1.248,1.5575,1.632,2.663424,1.1059,0,3,,,,,
Midland 281,300,M281_300,5,F,1,28293,1.286,1.6548,1.536,2.359296,0.7045,0,3,,,,,
Midland 281,300,M281_300,5,F,2,31342,1.286,1.6548,1.536,2.359296,0.7045,0,3,,,,,
Midland 281,300,M281_300,6,F,1,34516,1.344,1.8063,1.632,2.663424,0.8571,24.51172137,4,,,,,
Midland 281,300,M281_300,6,F,2,32163,1.344,1.8063,1.632,2.663424,0.8571,24.51172137,4,,,,,
Midland 281,300,M281_300,7,F,1,28357,1.306,1.7046,1.6128,2.60112384,0.8965,0,6,,,,,
Midland 281,300,M281_300,7,F,2,35117,1.306,1.7046,1.6128,2.60112384,0.8965,0,6,,,,,
Midland 281,300,M281_300,8,F,1,42146,1.152,1.3271,1.5744,2.47873536,1.1516,0,3,,,,,
Midland 281,300,M281_300,8,F,2,41133,1.152,1.3271,1.5744,2.47873536,1.1516,0,3,,,,,
Midland 281,300,M281_300,9,F,1,35692,1.325,1.7551,1.6512,2.72646144,0.9714,0,7,,,,,
Midland 281,300,M281_300,9,F,2,34240,1.325,1.7551,1.6512,2.72646144,0.9714,0,7,,,,,
Midland 281,300,M281_300,10,F,1,41197,1.19,1.4171,,,,,0,,,,,
Midland 281,300,M281_300,10,F,2,34175,1.19,1.4171,,,,0,0,,,,,
Midland 281,300,M281_300,11,F,1,37935,1.306,1.7046,1.5552,2.41864704,0.7141,0,3,,,,,
Midland 281,300,M281_300,11,F,2,36324,1.306,1.7046,1.5552,2.41864704,0.7141,0,3,,,,,
Midland 281,300,M281_300,12,F,1,35706,0.864,0.7465,,,,,0,,,,,
Midland 281,300,M281_300,12,F,2,34167,0.864,0.7465,,,,,0,,,,,
Midland 281,300,M281_300,13,F,1,35255,1.19,1.4171,,,,,0,,,,,
Midland 281,300,M281_300,13,F,2,42082,1.19,1.4171,,,,,0,,,,,
Midland 281,300,M281_300,14,F,1,40150,1.037,1.075,1.6128,2.60112384,1.5262,0,0,,,,,
Midland 281,300,M281_300,14,F,2,43116,1.037,1.075,1.6128,2.60112384,1.5262,0,0,,,,,
Midland 281,300,M281_300,15,F,1,40946,1.325,1.7551,1.632,2.663424,0.9083,0,1,,,,,
Midland 281,300,M281_300,15,F,2,37210,1.325,1.7551,1.632,2.663424,0.9083,0,1,,,,,
Midland 281,300,M281_300,16,F,1,37484,1.19,1.4171,1.536,2.359296,0.9422,0,4,,,,,
Midland 281,300,M281_300,16,F,2,42053,1.19,1.4171,1.536,2.359296,0.9422,0,4,,,,,
Midland 281,300,M281_300,17,F,1,37349,1.248,1.5575,1.4784,2.18566656,0.6282,0,3,,,,,
Midland 281,300,M281_300,17,F,2,32923,1.248,1.5575,1.4784,2.18566656,0.6282,0,3,,,,,
Midland 281,300,M281_300,18,F,1,35030,,,,,0,,0,,,,,
Midland 281,300,M281_300,18,F,2,31920,,,,,0,,0,,,,,
Midland 281,300,M281_300,19,F,1,36821,1.344,1.8063,1.6128,2.60112384,0.7948,0,4,,,,,
Midland 281,300,M281_300,19,F,2,36623,1.344,1.8063,1.6128,2.60112384,0.7948,0,4,,,,,
Midland 281,300,M281_300,20,F,1,43665,1.363,1.8583,1.5744,2.47873536,0.6204,0,1,,,,,
Midland 281,300,M281_300,20,F,2,42668,1.363,1.8583,1.5744,2.47873536,0.6204,0,1,,,,,
Midland 281,300,M281_300,21,F,1,38916,1.286,1.6548,1.632,2.663424,1.0086,0,4,,,,,
Midland 281,300,M281_300,21,F,2,33241,1.286,1.6548,1.632,2.663424,1.0086,0,4,,,,,
Midland 281,300,M281_300,22,F,1,39696,1.21,1.4631,1.5744,2.47873536,1.0156,0,5,,,,,
Midland 281,300,M281_300,22,F,2,36458,1.21,1.4631,1.5744,2.47873536,1.0156,0,5,,,,,
Midland 281,300,M281_300,23,F,1,48228,1.094,1.1977,1.536,2.359296,1.1616,0,1,,,,,
Midland 281,300,M281_300,23,F,2,43652,1.094,1.1977,1.536,2.359296,1.1616,0,1,,,,,
Midland 281,300,M281_300,24,F,1,38487,1.114,1.2401,1.5168,2.30068224,1.0606,0,5,,,,,
Midland 281,300,M281_300,24,F,2,40802,1.114,1.2401,1.5168,2.30068224,1.0606,0,5,,,,,
Midland 281,300,M281_300,25,F,1,42460,1.171,1.3717,1.5744,2.47873536,1.107,0,0,,,,,
Midland 281,300,M281_300,25,F,2,48759,1.171,1.3717,1.5744,2.47873536,1.107,0,0,,,,,
Midland 281,300,M281_300,26,F,1,45209,1.363,1.8583,1.5936,2.53956096,0.6812,0,0,,,,,
Midland 281,300,M281_300,26,F,2,51175,1.363,1.8583,1.5936,2.53956096,0.6812,0,0,,,,,
Midland 281,300,M281_300,27,F,1,52768,0.96,0.9216,1.4976,2.24280576,1.3212,0,3,,,,,
Midland 281,300,M281_300,27,F,2,56291,0.96,0.9216,1.4976,2.24280576,1.3212,0,3,,,,,
Midland 281,300,M281_300,28,F,1,49786,1.152,1.3271,1.5744,2.47873536,1.1516,0,1,,,,,
Midland 281,300,M281_300,28,F,2,47084,1.152,1.3271,1.5744,2.47873536,1.1516,0,1,,,,,
Midland 281,300,M281_300,29,F,1,40730,1.363,1.8583,1.632,2.663424,0.8051,0,3,,,,,
Midland 281,300,M281_300,29,F,2,30941,1.363,1.8583,1.632,2.663424,0.8051,0,3,,,,,
Midland 281,300,M281_300,30,F,1,49105,1.094,1.1977,1.5744,2.47873536,1.281,0,2,,,,,
Midland 281,300,M281_300,30,F,2,48234,1.094,1.1977,1.5744,2.47873536,1.281,0,2,,,,,
Standard,300,STD_300,1,F,1,39331,1.248,1.5575,1.4784,2.18566656,0.6282,79.71020019,6,,,,,
Standard,300,STD_300,1,F,2,38545,1.248,1.5575,1.4784,2.18566656,0.6282,79.71020019,6,,,,,
Standard,300,STD_300,2,F,1,37667,1.344,1.8063,1.536,2.359296,0.553,102.8992267,7,,,,,
Standard,300,STD_300,2,F,2,40081,1.344,1.8063,1.536,2.359296,0.553,102.8992267,7,,,,,
Standard,300,STD_300,3,F,1,38468,1.248,1.5575,1.5168,2.30068224,0.7432,69.35882614,6,,,,,
Standard,300,STD_300,3,F,2,36591,1.248,1.5575,1.5168,2.30068224,0.7432,69.35882614,6,,,,,
Standard,300,STD_300,4,F,1,35169,1.325,1.7551,1.536,2.359296,0.6042,116.9347258,5,,,,,
Standard,300,STD_300,4,F,2,36825,1.325,1.7551,1.536,2.359296,0.6042,116.9347258,5,,,,,
Standard,300,STD_300,5,M,1,35751,0.979,0.9588,,,,,0,,,,,
Standard,300,STD_300,5,M,2,38479,0.979,0.9588,,,,,0,,,,,
Standard,300,STD_300,6,F,1,39831,1.171,1.3717,1.4208,2.01867264,0.647,125.1904915,7,,,,,
Standard,300,STD_300,6,F,2,40206,1.171,1.3717,1.4208,2.01867264,0.647,125.1904915,7,,,,,
Standard,300,STD_300,7,M,1,42314,0.96,0.9216,,,,,0,,,,,
Standard,300,STD_300,7,M,2,39831,0.96,0.9216,,,,,0,,,,,
Standard,300,STD_300,8,F,1,36323,1.306,1.7046,1.536,2.359296,0.6547,97.5198185,8,,,,,
Standard,300,STD_300,8,F,2,36896,1.306,1.7046,1.536,2.359296,0.6547,97.5198185,8,,,,,
Standard,300,STD_300,9,M,1,41652,0.998,0.9968,,,,,0,,,,,
Standard,300,STD_300,9,M,2,40368,0.998,0.9968,,,,,0,,,,,
Standard,300,STD_300,10,F,1,38232,1.114,1.2401,1.4592,2.12926464,0.8892,81.10652353,4,,,,,
Standard,300,STD_300,10,F,2,37033,1.114,1.2401,1.4592,2.12926464,0.8892,81.10652353,4,,,,,
Standard,300,STD_300,11,F,1,35007,1.325,1.7551,1.5168,2.30068224,0.5456,101.6017607,3,,,,,
Standard,300,STD_300,11,F,2,38863,1.325,1.7551,1.5168,2.30068224,0.5456,101.6017607,3,,,,,
Standard,300,STD_300,12,F,1,41534,1.267,1.6058,1.5168,2.30068224,0.6949,93.03843762,4,,,,,
Standard,300,STD_300,12,F,2,38994,1.267,1.6058,1.5168,2.30068224,0.6949,93.03843762,4,,,,,
Standard,300,STD_300,13,F,1,40160,0.96,0.9216,1.056,1.115136,0.1935,16.53971557,0,,,,,
Standard,300,STD_300,13,F,2,42182,0.96,0.9216,1.056,1.115136,0.1935,16.53971557,0,,,,,
Standard,300,STD_300,14,F,1,37552,1.133,1.2832,1.4208,2.01867264,0.7354,48.95070423,7,,,,,
Standard,300,STD_300,14,F,2,37812,1.133,1.2832,1.4208,2.01867264,0.7354,48.95070423,7,,,,,
Standard,300,STD_300,15,F,1,38832,1.152,1.3271,1.5168,2.30068224,0.9736,111.3961481,4,,,,,
Standard,300,STD_300,15,F,2,47207,1.152,1.3271,1.5168,2.30068224,0.9736,111.3961481,4,,,,,
Standard,300,STD_300,16,M,1,36697,0.96,0.9216,,,,35.48823529,0,,,,,
Standard,300,STD_300,16,M,2,41470,0.96,0.9216,,,,35.48823529,0,,,,,
Standard,300,STD_300,17,F,1,39897,1.382,1.911,1.536,2.359296,0.4483,53.04729322,10,,,,,
Standard,300,STD_300,17,F,2,42702,1.382,1.911,1.536,2.359296,0.4483,53.04729322,10,,,,,
Standard,300,STD_300,18,F,1,42344,1.248,1.5575,1.5168,2.30068224,0.7432,80.92003149,3,,,,,
Standard,300,STD_300,18,F,2,39925,1.248,1.5575,1.5168,2.30068224,0.7432,80.92003149,3,,,,,
Standard,300,STD_300,19,M,1,37970,0.998,0.9968,,,,,0,,,,,
Standard,300,STD_300,19,M,2,32872,0.998,0.9968,,,,,0,,,,,
Standard,300,STD_300,20,F,1,36800,1.344,1.8063,1.536,2.359296,0.553,82.55818744,6,,,,,
Standard,300,STD_300,20,F,2,36415,1.344,1.8063,1.536,2.359296,0.553,82.55818744,6,,,,,
Standard,300,STD_300,21,F,1,41081,1.094,1.1977,,,,,0,,,,,
Standard,300,STD_300,21,F,2,50552,1.094,1.1977,,,,,0,,,,,
Standard,300,STD_300,22,F,1,38619,1.152,1.3271,1.536,2.359296,1.0322,73.69714476,9,,,,,
Standard,300,STD_300,22,F,2,39497,1.152,1.3271,1.536,2.359296,1.0322,73.69714476,9,,,,,
Standard,300,STD_300,23,F,1,38514,1.248,1.5575,,,,0,0,,,,,
Standard,300,STD_300,23,F,2,33940,1.248,1.5575,,,,0,0,,,,,
Standard,300,STD_300,24,F,1,43156,1.171,1.3717,1.632,2.663424,1.2917,78.82289197,4,,,,,
Standard,300,STD_300,24,F,2,39246,1.171,1.3717,1.632,2.663424,1.2917,78.82289197,4,,,,,
Standard,300,STD_300,25,F,1,39525,1.114,1.2401,,,,,0,,,,,
Standard,300,STD_300,25,F,2,38759,1.114,1.2401,,,,,0,,,,,
Standard,300,STD_300,26,F,1,38255,1.114,1.2401,,,,,0,,,,,
Standard,300,STD_300,26,F,2,43746,1.114,1.2401,,,,,0,,,,,
Standard,300,STD_300,27,F,1,35290,1.229,1.5099,1.5552,2.41864704,0.9087,110.9251235,5,,,,,
Standard,300,STD_300,27,F,2,40445,1.229,1.5099,1.5552,2.41864704,0.9087,110.9251235,5,,,,,
Standard,300,STD_300,28,F,1,41139,1.229,1.5099,1.6128,2.60112384,1.0912,53.64416854,9,,,,,
Standard,300,STD_300,28,F,2,40996,1.229,1.5099,1.6128,2.60112384,1.0912,53.64416854,9,,,,,
Standard,300,STD_300,29,M,1,42013,0.979,0.9588,,,,,0,,,,,
Standard,300,STD_300,29,M,2,42353,0.979,0.9588,,,,,0,,,,,
Standard,300,STD_300,30,F,1,41599,,,,,,,0,,,,,
Standard,300,STD_300,30,F,2,41376,,,,,,,0,,,,,
,,,,,,,,,,,,,,,,,,
,,,,,,,,,,,,,,,,,,