"","Genotype","Spore_level","Animal","Plate","Plate_Control","control_mean","mean_feeding_rate"
"1","A45",0,1,"A45_0",NA,43216.75,0.038079404505236
"2","A45",0,2,"A45_0",NA,43216.75,0.144523879505058
"3","A45",0,3,"A45_0",NA,43216.75,0.141036518898241
"4","A45",0,5,"A45_0",NA,43216.75,0.13027416172185
"5","A45",0,7,"A45_0",NA,43216.75,0.0580069423113279
"6","A45",0,8,"A45_0",NA,43216.75,0.0047597155589815
"7","A45",0,10,"A45_0",NA,43216.75,0.0984420123647709
"8","A45",0,16,"A45_0",NA,43216.75,0.0277286179267675
"9","A45",0,21,"A45_0",NA,43216.75,0.0696149584160381
"10","A45",0,22,"A45_0",NA,43216.75,0.0246489706251836
"11","A45",0,25,"A45_0",NA,43216.75,0.17312436333568
"12","A45",0,27,"A45_0",NA,43216.75,0.0841420146965421
"13","A45",0,28,"A45_0",NA,43216.75,0.178445877715418
"14","A45",150,1,"A45_150",NA,46564.4,0.163746188010682
"15","A45",150,2,"A45_150",NA,46564.4,0.236150968024486
"16","A45",150,3,"A45_150",NA,46564.4,0.208204734780165
"17","A45",150,5,"A45_150",NA,46564.4,0.0107907402715356
"18","A45",150,7,"A45_150",NA,46564.4,0.054035589310772
"19","A45",150,8,"A45_150",NA,46564.4,0.0961488596149238
"20","A45",150,10,"A45_150",NA,46564.4,0.139495523380823
"21","A45",150,11,"A45_150",NA,46564.4,0.345176593925379
"22","A45",150,12,"A45_150",NA,46564.4,0.107434622543587
"23","A45",150,13,"A45_150",NA,46564.4,0.0459654403477093
"24","A45",150,14,"A45_150",NA,46564.4,0.117413418011267
"25","A45",150,16,"A45_150",NA,46564.4,0.20863133463474
"26","A45",150,20,"A45_150",NA,46564.4,0.205131328901179
"27","A45",150,21,"A45_150",NA,46564.4,0.0111308137599305
"28","A45",150,22,"A45_150",NA,46564.4,0.0984628422793806
"29","A45",150,23,"A45_150",NA,46564.4,0.0978089193763862
"30","A45",150,24,"A45_150",NA,46564.4,0.0167837637057649
"31","A45",150,25,"A45_150",NA,46564.4,0.15661283315624
"32","A45",150,26,"A45_150",NA,46564.4,0.0236772055082172
"33","A45",150,27,"A45_150",NA,46564.4,0.216831231247381
"34","A45",150,28,"A45_150",NA,46564.4,0.128694187904663
"35","A45",150,30,"A45_150",NA,46564.4,0.0708296856365524
"36","A45",300,2,"A45_300",NA,44380.7,0.0258723855665117
"37","A45",300,3,"A45_300",NA,44380.7,0.0715100222684112
"38","A45",300,4,"A45_300",NA,44380.7,0.039854563406555
"39","A45",300,5,"A45_300",NA,44380.7,0.131353227681966
"40","A45",300,7,"A45_300",NA,44380.7,0.196624655620564
"41","A45",300,9,"A45_300",NA,44380.7,0.0511131237736234
"42","A45",300,10,"A45_300",NA,44380.7,0.00634565378833333
"43","A45",300,11,"A45_300",NA,44380.7,0.0806704214006974
"44","A45",300,12,"A45_300",NA,44380.7,0.0833268405355515
"45","A45",300,13,"A45_300",NA,44380.7,0.251728437412548
"46","A45",300,16,"A45_300",NA,44380.7,0.0564358229333494
"47","A45",300,17,"A45_300",NA,44380.7,0.00895300966382965
"48","A45",300,18,"A45_300",NA,44380.7,0.191773619629403
"49","A45",300,19,"A45_300",NA,44380.7,0.155948477407122
"50","A45",300,20,"A45_300",NA,44380.7,0.142121583015375
"51","A45",300,22,"A45_300",NA,44380.7,0.0322180627443717
"52","A45",300,24,"A45_300",NA,44380.7,0.177252749068052
"53","A45",300,26,"A45_300",NA,44380.7,0.0619670711939206
"54","A45",300,27,"A45_300",NA,44380.7,0.23617433000301
"55","A45",300,28,"A45_300",NA,44380.7,0.108458628181694
"56","A45",300,29,"A45_300",NA,44380.7,0.0231927471568499
"57","A45",300,30,"A45_300",NA,44380.7,0.284258464172718
"58","Midland 252",0,1,"M252_0",NA,48714.3333333333,0.150692375582183
"59","Midland 252",0,2,"M252_0",NA,48714.3333333333,0.226359465332548
"60","Midland 252",0,3,"M252_0",NA,48714.3333333333,0.0448334866131613
"61","Midland 252",0,4,"M252_0",NA,48714.3333333333,0.136702048938529
"62","Midland 252",0,5,"M252_0",NA,48714.3333333333,0.182806014105685
"63","Midland 252",0,6,"M252_0",NA,48714.3333333333,0.223093656129526
"64","Midland 252",0,8,"M252_0",NA,48714.3333333333,0.159576610117853
"65","Midland 252",0,9,"M252_0",NA,48714.3333333333,0.46749244098172
"66","Midland 252",0,10,"M252_0",NA,48714.3333333333,0.11166668092238
"67","Midland 252",0,11,"M252_0",NA,48714.3333333333,0.154394441832916
"68","Midland 252",0,12,"M252_0",NA,48714.3333333333,0.0240229264945394
"69","Midland 252",0,13,"M252_0",NA,48714.3333333333,0.104535024978645
"70","Midland 252",0,14,"M252_0",NA,48714.3333333333,0.40875729432818
"71","Midland 252",0,16,"M252_0",NA,48714.3333333333,0.459009430447388
"72","Midland 252",0,17,"M252_0",NA,48714.3333333333,0.194810736562102
"73","Midland 252",0,18,"M252_0",NA,48714.3333333333,0.240688713773792
"74","Midland 252",0,19,"M252_0",NA,48714.3333333333,0.105569638921825
"75","Midland 252",0,20,"M252_0",NA,48714.3333333333,0.0359892403319562
"76","Midland 252",0,21,"M252_0",NA,48714.3333333333,0.142095036114019
"77","Midland 252",0,23,"M252_0",NA,48714.3333333333,0.184740553643405
"78","Midland 252",0,24,"M252_0",NA,48714.3333333333,0.0887626974793831
"79","Midland 252",0,25,"M252_0",NA,48714.3333333333,0.32778085595624
"80","Midland 252",0,26,"M252_0",NA,48714.3333333333,0.174455961121611
"81","Midland 252",0,27,"M252_0",NA,48714.3333333333,0.133336411235536
"82","Midland 252",0,29,"M252_0",NA,48714.3333333333,0.0853067412292307
"83","Midland 252",0,30,"M252_0",NA,48714.3333333333,0.571678174705386
"84","Midland 252",150,1,"M252_150",NA,50074,0.196997322415664
"85","Midland 252",150,2,"M252_150",NA,50074,0.138681292410872
"86","Midland 252",150,3,"M252_150",NA,50074,0.105450394305759
"87","Midland 252",150,4,"M252_150",NA,50074,0.35157688108576
"88","Midland 252",150,5,"M252_150",NA,50074,0.292916616052293
"89","Midland 252",150,6,"M252_150",NA,50074,0.0331327982659332
"90","Midland 252",150,7,"M252_150",NA,50074,0.302386745077883
"91","Midland 252",150,8,"M252_150",NA,50074,0.201558506149999
"92","Midland 252",150,9,"M252_150",NA,50074,0.559636197459613
"93","Midland 252",150,10,"M252_150",NA,50074,0.0447922217378043
"94","Midland 252",150,11,"M252_150",NA,50074,0.111624006426811
"95","Midland 252",150,12,"M252_150",NA,50074,0.214713567953066
"96","Midland 252",150,13,"M252_150",NA,50074,0.131255092390692
"97","Midland 252",150,14,"M252_150",NA,50074,0.286376459059069
"98","Midland 252",150,15,"M252_150",NA,50074,0.106695891361812
"99","Midland 252",150,16,"M252_150",NA,50074,0.249989428943361
"100","Midland 252",150,17,"M252_150",NA,50074,0.116470274340209
"101","Midland 252",150,18,"M252_150",NA,50074,0.116980454586636
"102","Midland 252",150,19,"M252_150",NA,50074,0.260666994057122
"103","Midland 252",150,20,"M252_150",NA,50074,0.301965912636259
"104","Midland 252",150,21,"M252_150",NA,50074,0.419546493444939
"105","Midland 252",150,22,"M252_150",NA,50074,0.052467743006123
"106","Midland 252",150,23,"M252_150",NA,50074,0.00108452136435774
"107","Midland 252",150,24,"M252_150",NA,50074,0.0730603010212488
"108","Midland 252",150,25,"M252_150",NA,50074,0.109773234077096
"109","Midland 252",150,26,"M252_150",NA,50074,0.107002857468634
"110","Midland 252",150,27,"M252_150",NA,50074,0.0887159908120998
"111","Midland 252",150,28,"M252_150",NA,50074,0.136691192730846
"112","Midland 252",150,29,"M252_150",NA,50074,0.0311898329394384
"113","Midland 252",300,1,"M252_300",NA,45312.125,0.214121162397576
"114","Midland 252",300,2,"M252_300",NA,45312.125,0.715284951857405
"115","Midland 252",300,3,"M252_300",NA,45312.125,0.602763478819066
"116","Midland 252",300,4,"M252_300",NA,45312.125,0.33187672908435
"117","Midland 252",300,5,"M252_300",NA,45312.125,0.274824327325245
"118","Midland 252",300,6,"M252_300",NA,45312.125,0.0491720090926587
"119","Midland 252",300,7,"M252_300",NA,45312.125,0.0456209386109839
"120","Midland 252",300,8,"M252_300",NA,45312.125,0.35235644897934
"121","Midland 252",300,9,"M252_300",NA,45312.125,0.317375757883046
"122","Midland 252",300,10,"M252_300",NA,45312.125,0.252129162354562
"123","Midland 252",300,11,"M252_300",NA,45312.125,0.183375648189065
"124","Midland 252",300,12,"M252_300",NA,45312.125,0.159895804752807
"125","Midland 252",300,13,"M252_300",NA,45312.125,0.258851269706436
"126","Midland 252",300,14,"M252_300",NA,45312.125,0.493323360083345
"127","Midland 252",300,15,"M252_300",NA,45312.125,0.1618011785414
"128","Midland 252",300,16,"M252_300",NA,45312.125,0.165620536082918
"129","Midland 252",300,17,"M252_300",NA,45312.125,0.214047913593346
"130","Midland 252",300,18,"M252_300",NA,45312.125,0.126508794269671
"131","Midland 252",300,19,"M252_300",NA,45312.125,0.0735708399675336
"132","Midland 252",300,20,"M252_300",NA,45312.125,0.143836785920416
"133","Midland 252",300,21,"M252_300",NA,45312.125,0.0276995549419605
"134","Midland 252",300,22,"M252_300",NA,45312.125,0.0359706581316931
"135","Midland 252",300,23,"M252_300",NA,45312.125,0.0238153405866532
"136","Midland 252",300,24,"M252_300",NA,45312.125,0.109150233538419
"137","Midland 252",300,25,"M252_300",NA,45312.125,0.120184629797117
"138","Midland 252",300,26,"M252_300",NA,45312.125,0.0826828993818942
"139","Midland 252",300,27,"M252_300",NA,45312.125,0.200023008916342
"140","Midland 252",300,28,"M252_300",NA,45312.125,0.0449219889470262
"141","Midland 252",300,29,"M252_300",NA,45312.125,0.256578408417612
"142","Midland 252",300,30,"M252_300",NA,45312.125,0.0607957709108065
"143","Midland 281",0,1,"M281_0",NA,46112.8,0.198902393244115
"144","Midland 281",0,2,"M281_0",NA,46112.8,0.322898914750402
"145","Midland 281",0,3,"M281_0",NA,46112.8,0.41874900892031
"146","Midland 281",0,4,"M281_0",NA,46112.8,0.26182410832003
"147","Midland 281",0,5,"M281_0",NA,46112.8,0.159543520468309
"148","Midland 281",0,6,"M281_0",NA,46112.8,0.163417073611755
"149","Midland 281",0,7,"M281_0",NA,46112.8,0.169759841137913
"150","Midland 281",0,8,"M281_0",NA,46112.8,0.423257925500019
"151","Midland 281",0,9,"M281_0",NA,46112.8,0.340007841868482
"152","Midland 281",0,10,"M281_0",NA,46112.8,0.557980206076901
"153","Midland 281",0,11,"M281_0",NA,46112.8,0.425917609569757
"154","Midland 281",0,12,"M281_0",NA,46112.8,0.460697239170397
"155","Midland 281",0,13,"M281_0",NA,46112.8,0.300804656246739
"156","Midland 281",0,14,"M281_0",NA,46112.8,0.783169341414644
"157","Midland 281",0,15,"M281_0",NA,46112.8,0.586662767478414
"158","Midland 281",0,16,"M281_0",NA,46112.8,0.251125158898676
"159","Midland 281",0,17,"M281_0",NA,46112.8,0.307921766913559
"160","Midland 281",0,18,"M281_0",NA,46112.8,0.393711441340647
"161","Midland 281",0,19,"M281_0",NA,46112.8,0.121085520239192
"162","Midland 281",0,20,"M281_0",NA,46112.8,0.228143671686449
"163","Midland 281",0,21,"M281_0",NA,46112.8,0.255877324762995
"164","Midland 281",0,22,"M281_0",NA,46112.8,0.235403080533183
"165","Midland 281",0,23,"M281_0",NA,46112.8,0.174039343010998
"166","Midland 281",0,24,"M281_0",NA,46112.8,0.228555773566825
"167","Midland 281",0,25,"M281_0",NA,46112.8,0.453073433741929
"168","Midland 281",0,26,"M281_0",NA,46112.8,0.114458653748739
"169","Midland 281",0,27,"M281_0",NA,46112.8,0.357365541305724
"170","Midland 281",0,28,"M281_0",NA,46112.8,0.0283724961976745
"171","Midland 281",0,29,"M281_0",NA,46112.8,0.503281883140611
"172","Midland 281",0,30,"M281_0",NA,46112.8,0.462535410483395
"173","Midland 281",150,1,"M281_150",NA,43403.6666666667,0.541460380088563
"174","Midland 281",150,2,"M281_150",NA,43403.6666666667,0.858648496534431
"175","Midland 281",150,3,"M281_150",NA,43403.6666666667,0.812343738976704
"176","Midland 281",150,4,"M281_150",NA,43403.6666666667,0.520805524642302
"177","Midland 281",150,5,"M281_150",NA,43403.6666666667,0.543691329390241
"178","Midland 281",150,6,"M281_150",NA,43403.6666666667,0.452327236912644
"179","Midland 281",150,7,"M281_150",NA,43403.6666666667,0.535702328325711
"180","Midland 281",150,8,"M281_150",NA,43403.6666666667,0.357115746051231
"181","Midland 281",150,9,"M281_150",NA,43403.6666666667,0.622062110593478
"182","Midland 281",150,10,"M281_150",NA,43403.6666666667,0.539517838876201
"183","Midland 281",150,11,"M281_150",NA,43403.6666666667,0.624942550260637
"184","Midland 281",150,12,"M281_150",NA,43403.6666666667,0.729917467716514
"185","Midland 281",150,13,"M281_150",NA,43403.6666666667,0.703203717165654
"186","Midland 281",150,14,"M281_150",NA,43403.6666666667,0.439580897884759
"187","Midland 281",150,15,"M281_150",NA,43403.6666666667,0.577819335966904
"188","Midland 281",150,16,"M281_150",NA,43403.6666666667,0.583478034904952
"189","Midland 281",150,17,"M281_150",NA,43403.6666666667,0.590977004132006
"190","Midland 281",150,18,"M281_150",NA,43403.6666666667,0.961245138562528
"191","Midland 281",150,19,"M281_150",NA,43403.6666666667,0.615718921482725
"192","Midland 281",150,20,"M281_150",NA,43403.6666666667,0.751826918745937
"193","Midland 281",150,21,"M281_150",NA,43403.6666666667,0.593531047927815
"194","Midland 281",150,22,"M281_150",NA,43403.6666666667,0.247431781172505
"195","Midland 281",150,23,"M281_150",NA,43403.6666666667,0.520819899328159
"196","Midland 281",150,24,"M281_150",NA,43403.6666666667,0.821762094525023
"197","Midland 281",150,25,"M281_150",NA,43403.6666666667,0.543648773757946
"198","Midland 281",150,26,"M281_150",NA,43403.6666666667,0.877810333829744
"199","Midland 281",150,27,"M281_150",NA,43403.6666666667,0.54876283804961
"200","Midland 281",150,28,"M281_150",NA,43403.6666666667,0.482106161867082
"201","Midland 281",150,29,"M281_150",NA,43403.6666666667,0.79757685782314
"202","Midland 281",150,30,"M281_150",NA,43403.6666666667,0.523537899411473
"203","Midland 281",300,1,"M281_300",NA,40700.1666666667,0.158263825889823
"204","Midland 281",300,2,"M281_300",NA,40700.1666666667,0.239377206912389
"205","Midland 281",300,3,"M281_300",NA,40700.1666666667,0.284853096336361
"206","Midland 281",300,4,"M281_300",NA,40700.1666666667,0.378563847604096
"207","Midland 281",300,5,"M281_300",NA,40700.1666666667,0.44635064254117
"208","Midland 281",300,6,"M281_300",NA,40700.1666666667,0.285874761928747
"209","Midland 281",300,7,"M281_300",NA,40700.1666666667,0.36350365564761
"210","Midland 281",300,9,"M281_300",NA,40700.1666666667,0.217245178269338
"211","Midland 281",300,10,"M281_300",NA,40700.1666666667,0.249625435477495
"212","Midland 281",300,11,"M281_300",NA,40700.1666666667,0.131508233050642
"213","Midland 281",300,12,"M281_300",NA,40700.1666666667,0.218489547883876
"214","Midland 281",300,13,"M281_300",NA,40700.1666666667,0.205178320390365
"215","Midland 281",300,14,"M281_300",NA,40700.1666666667,0.0194424957878416
"216","Midland 281",300,15,"M281_300",NA,40700.1666666667,0.128078064408184
"217","Midland 281",300,16,"M281_300",NA,40700.1666666667,0.117597160260975
"218","Midland 281",300,17,"M281_300",NA,40700.1666666667,0.212847668400641
"219","Midland 281",300,18,"M281_300",NA,40700.1666666667,0.280733403641083
"220","Midland 281",300,19,"M281_300",NA,40700.1666666667,0.146942558544358
"221","Midland 281",300,21,"M281_300",NA,40700.1666666667,0.176624888574823
"222","Midland 281",300,22,"M281_300",NA,40700.1666666667,0.0964664534488175
"223","Midland 281",300,24,"M281_300",NA,40700.1666666667,0.0798738078699241
"224","Midland 281",300,29,"M281_300",NA,40700.1666666667,0.391642888858691
"225","Standard",0,1,"STD_0","STD_0",45836.75,0.0739951958847108
"226","Standard",0,5,"STD_0","STD_150",45836.75,0.123749967271241
"227","Standard",0,6,"STD_0","STD_150",45836.75,0.249424723991921
"228","Standard",0,7,"STD_0","STD_300",45836.75,0.0740608441283039
"229","Standard",0,8,"STD_0","STD_300",45836.75,0.248183850834249
"230","Standard",0,9,"STD_0","STD_300",45836.75,0.27528243794146
"231","Standard",0,10,"STD_0","A45_0",45836.75,0.232513737958384
"232","Standard",0,12,"STD_0","A45_0",45836.75,0.179376801356907
"233","Standard",0,17,"STD_0","A45_300",45836.75,0.197504861019138
"234","Standard",0,18,"STD_0","A45_300",45836.75,0.184861785463749
"235","Standard",0,20,"STD_0","M252_0",45836.75,0.313193128292472
"236","Standard",0,21,"STD_0","M252_0",45836.75,0.000179218661417011
"237","Standard",0,22,"STD_0","M252_150",45836.75,0.00304977923039244
"238","Standard",0,23,"STD_0","M252_150",45836.75,0.22690833580159
"239","Standard",0,24,"STD_0","M252_150",45836.75,0.199232091313023
"240","Standard",0,28,"STD_0","M281_0",45836.75,0.0208018141516825
"241","Standard",0,30,"STD_0","M281_0",45836.75,0.136801133123172
"242","Standard",150,1,"STD_150","M281_150",45754.4444444444,0.0479373562045373
"243","Standard",150,2,"STD_150","M281_150",45754.4444444444,0.120815468341538
"244","Standard",150,3,"STD_150","M281_150",45754.4444444444,0.122888397743927
"245","Standard",150,4,"STD_150","M281_300",45754.4444444444,0.0563432380359259
"246","Standard",150,6,"STD_150","M281_300",45754.4444444444,0.321928669076078
"247","Standard",150,7,"STD_150","STD_150",45754.4444444444,0.157959868334038
"248","Standard",150,10,"STD_150","A45_150",45754.4444444444,0.00501829202011886
"249","Standard",150,11,"STD_150","M252_150",45754.4444444444,0.122585441971125
"250","Standard",150,12,"STD_150","M252_150",45754.4444444444,0.0216266599524022
"251","Standard",150,13,"STD_150","M281_150",45754.4444444444,0.207879818451259
"252","Standard",150,14,"STD_150","M281_150",45754.4444444444,0.0994612317576316
"253","Standard",150,15,"STD_150","STD_300",45754.4444444444,0.0741217681589161
"254","Standard",150,16,"STD_150","STD_300",45754.4444444444,0.000888384882500786
"255","Standard",150,17,"STD_150","A45_300",45754.4444444444,0.182032527141063
"256","Standard",150,18,"STD_150","A45_300",45754.4444444444,0.113523493028163
"257","Standard",150,19,"STD_150","M252_300",45754.4444444444,0.121127905323442
"258","Standard",150,20,"STD_150","M252_300",45754.4444444444,0.146531031952998
"259","Standard",150,29,"STD_150",NA,45754.4444444444,0.0717888160130378
"260","Standard",150,30,"STD_150",NA,45754.4444444444,0.108637479884193
"261","Standard",300,1,"STD_300",NA,41108.1111111111,0.0775510738697005
"262","Standard",300,2,"STD_300",NA,41108.1111111111,0.0805172280036318
"263","Standard",300,3,"STD_300",NA,41108.1111111111,0.130558478538139
"264","Standard",300,4,"STD_300",NA,41108.1111111111,0.190049235875962
"265","Standard",300,6,"STD_300",NA,41108.1111111111,0.0383922596656273
"266","Standard",300,8,"STD_300",NA,41108.1111111111,0.165611865575198
"267","Standard",300,10,"STD_300",NA,41108.1111111111,0.126377597871506
"268","Standard",300,11,"STD_300",NA,41108.1111111111,0.154871587618131
"269","Standard",300,12,"STD_300",NA,41108.1111111111,0.0754252350373628
"270","Standard",300,13,"STD_300",NA,41108.1111111111,0.0333342532613531
"271","Standard",300,14,"STD_300",NA,41108.1111111111,0.12432696690074
"272","Standard",300,15,"STD_300",NA,41108.1111111111,0.0813725766888216
"273","Standard",300,17,"STD_300",NA,41108.1111111111,0.0427204565246929
"274","Standard",300,18,"STD_300",NA,41108.1111111111,0.0417182265219211
"275","Standard",300,20,"STD_300",NA,41108.1111111111,0.165665916062913
"276","Standard",300,21,"STD_300",NA,41108.1111111111,0.000942464509259188
"277","Standard",300,22,"STD_300",NA,41108.1111111111,0.0731727159511044
"278","Standard",300,23,"STD_300",NA,41108.1111111111,0.183424881406475
"279","Standard",300,24,"STD_300",NA,41108.1111111111,0.0662227492275573
"280","Standard",300,25,"STD_300",NA,41108.1111111111,0.0700818109579731
"281","Standard",300,26,"STD_300",NA,41108.1111111111,0.102758831403722
"282","Standard",300,27,"STD_300",NA,41108.1111111111,0.120620172268391
"283","Standard",300,28,"STD_300",NA,41108.1111111111,0.00390135956729185
